country,year,infant_mortality,neonatal_mortality,life_expectancy
Afghanistan,2014,75.1,42.9,62.26
Afghanistan,2015,72.4,41.8,62.27
Afghanistan,2016,70.0,40.8,62.646
Afghanistan,2017,67.6,39.7,62.406
Afghanistan,2018,65.4,38.7,62.443
Afghanistan,2019,63.3,37.8,62.941
Afghanistan,2020,61.3,36.9,61.454
Afghanistan,2021,59.3,36.0,60.417
Afghanistan,2022,57.4,35.2,65.617
Afghanistan,2023,55.5,34.3,66.035
Albania,2014,9.9,5.9,78.029
Albania,2015,9.6,6.0,78.358
Albania,2016,9.4,6.3,78.643
Albania,2017,9.3,6.7,78.9
Albania,2018,9.3,7.0,79.238
Albania,2019,9.4,7.1,79.467
Albania,2020,9.4,7.2,77.824
Albania,2021,9.5,7.1,76.844
Albania,2022,9.4,7.0,78.769
Albania,2023,9.4,6.9,79.602
Algeria,2014,25.4,15.6,74.992
Algeria,2015,24.9,15.2,75.159
Algeria,2016,24.5,15.0,75.31
Algeria,2017,24.0,15.2,75.431
Algeria,2018,23.7,15.5,75.555
Algeria,2019,23.3,15.8,75.682
Algeria,2020,22.9,15.9,73.257
Algeria,2021,22.6,15.9,75.208
Algeria,2022,22.3,15.6,76.129
Algeria,2023,22.0,15.3,76.261
Angola,2014,92.8,31.7,60.396
Angola,2015,88.2,30.7,61.042
Angola,2016,84.1,29.8,61.619
Angola,2017,80.5,29.1,62.122
Angola,2018,77.3,28.4,62.622
Angola,2019,74.4,27.9,63.051
Angola,2020,71.6,27.3,63.116
Angola,2021,69.0,26.6,62.958
Angola,2022,66.4,26.1,64.246
Angola,2023,64.0,25.6,64.617
Antigua and Barbuda,2014,11.2,6.7,76.912
Antigua and Barbuda,2015,11.0,6.5,76.892
Antigua and Barbuda,2016,10.8,6.4,76.968
Antigua and Barbuda,2017,10.6,6.2,77.03
Antigua and Barbuda,2018,10.5,6.1,77.132
Antigua and Barbuda,2019,10.3,6.0,77.168
Antigua and Barbuda,2020,10.1,5.8,77.161
Antigua and Barbuda,2021,9.8,5.7,77.197
Antigua and Barbuda,2022,9.6,5.5,77.483
Antigua and Barbuda,2023,9.3,5.4,77.598
Argentina,2014,12.2,7.1,76.268
Argentina,2015,11.7,6.8,76.6
Argentina,2016,11.4,6.5,76.105
Argentina,2017,11.0,6.3,76.543
Argentina,2018,10.7,6.1,76.77
Argentina,2019,10.5,6.1,76.847
Argentina,2020,10.3,6.1,75.878
Argentina,2021,10.0,5.9,73.948
Argentina,2022,9.8,5.5,75.806
Argentina,2023,9.6,5.0,77.395
Armenia,2014,15.4,8.1,74.8731707317073
Armenia,2015,14.6,7.7,74.8707317073171
Armenia,2016,14.0,7.4,74.8682926829268
Armenia,2017,13.3,7.0,75.2170731707317
Armenia,2018,12.7,6.7,75.619512195122
Armenia,2019,12.1,6.4,76.2219512195122
Armenia,2020,11.6,6.1,73.3756097560976
Armenia,2021,11.0,5.8,72.2780487804878
Armenia,2022,10.5,5.5,74.7658536585366
Armenia,2023,10.0,5.3,77.4658536585366
Azerbaijan,2014,29.5,16.8,71.93
Azerbaijan,2015,27.8,16.0,72.349
Azerbaijan,2016,26.3,15.3,72.568
Azerbaijan,2017,24.9,14.8,72.694
Azerbaijan,2018,23.6,14.4,73.016
Azerbaijan,2019,22.4,14.1,73.29
Azerbaijan,2020,21.3,13.8,70.312
Azerbaijan,2021,20.4,13.5,70.999
Azerbaijan,2022,19.4,13.2,74.125
Azerbaijan,2023,18.6,12.8,74.429
Bangladesh,2014,40.7,24.7,70.016
Bangladesh,2015,38.8,23.6,70.543
Bangladesh,2016,36.9,22.5,71.075
Bangladesh,2017,35.2,21.3,71.606
Bangladesh,2018,33.7,20.2,72.122
Bangladesh,2019,32.4,19.3,72.625
Bangladesh,2020,31.5,18.7,71.421
Bangladesh,2021,31.0,18.3,71.103
Bangladesh,2022,30.7,18.0,74.265
Bangladesh,2023,30.6,17.9,74.672
Belarus,2014,4.3,1.6,72.9707317073171
Belarus,2015,4.1,1.6,73.6243902439025
Belarus,2016,3.9,1.5,73.8268292682927
Belarus,2017,3.6,1.4,74.1292682926829
Belarus,2018,3.4,1.2,74.1756097560976
Belarus,2019,3.1,1.1,74.2268292682927
Belarus,2020,2.9,1.0,72.1385609756098
Belarus,2021,2.7,0.9,72.0714634146342
Belarus,2022,2.6,0.8,74.1033658536585
Belarus,2023,2.4,0.8,74.1837804878049
Belize,2014,16.3,10.8,71.437
Belize,2015,15.6,10.5,71.647
Belize,2016,15.0,10.2,71.843
Belize,2017,14.4,9.9,72.062
Belize,2018,13.9,9.7,72.322
Belize,2019,13.5,9.6,72.577
Belize,2020,13.2,9.5,71.58
Belize,2021,13.0,9.4,70.917
Belize,2022,12.8,9.4,72.19
Belize,2023,12.7,9.3,73.566
Benin,2014,99.3,32.1,59.008
Benin,2015,97.1,31.7,59.123
Benin,2016,95.0,31.3,59.283
Benin,2017,92.7,30.9,59.528
Benin,2018,90.5,30.5,59.71
Benin,2019,88.0,30.0,59.888
Benin,2020,85.5,29.5,60.154
Benin,2021,83.1,29.0,59.61
Benin,2022,80.4,28.5,60.475
Benin,2023,77.9,28.0,60.774
Bhutan,2014,32.2,17.8,70.504
Bhutan,2015,30.8,17.1,70.797
Bhutan,2016,29.6,16.3,71.119
Bhutan,2017,28.5,15.7,71.413
Bhutan,2018,27.4,15.2,71.711
Bhutan,2019,26.5,14.6,72.005
Bhutan,2020,25.5,14.1,72.253
Bhutan,2021,24.7,13.6,72.448
Bhutan,2022,23.9,13.2,72.754
Bhutan,2023,23.1,12.7,72.975
Bolivia,2014,33.5,17.9,66.97
Bolivia,2015,31.8,16.9,67.205
Bolivia,2016,30.3,16.2,67.392
Bolivia,2017,29.0,15.4,67.536
Bolivia,2018,27.8,14.8,67.699
Bolivia,2019,26.7,14.2,67.82
Bolivia,2020,25.7,13.7,62.906
Bolivia,2021,24.8,13.2,61.427
Bolivia,2022,23.9,12.7,67.434
Bolivia,2023,23.1,12.2,68.581
Bosnia and Herzegovina,2014,6.7,4.9,77.089
Bosnia and Herzegovina,2015,6.7,4.9,77.073
Bosnia and Herzegovina,2016,6.8,4.8,77.124
Bosnia and Herzegovina,2017,6.8,4.8,77.385
Bosnia and Herzegovina,2018,6.8,4.7,77.942
Bosnia and Herzegovina,2019,6.7,4.7,77.394
Bosnia and Herzegovina,2020,6.6,4.7,76.04
Bosnia and Herzegovina,2021,6.4,4.7,74.567
Bosnia and Herzegovina,2022,6.2,4.6,76.777
Bosnia and Herzegovina,2023,6.0,4.5,77.85
Botswana,2014,51.1,23.6,62.167
Botswana,2015,49.8,23.5,63.215
Botswana,2016,49.0,23.4,64.32
Botswana,2017,46.5,23.1,65.42
Botswana,2018,45.9,22.7,66.371
Botswana,2019,45.0,22.4,67.167
Botswana,2020,43.9,22.1,67.643
Botswana,2021,42.0,21.6,63.303
Botswana,2022,40.7,21.2,68.749
Botswana,2023,39.6,20.9,69.163
Brazil,2014,16.3,9.7,74.823
Brazil,2015,16.0,9.5,75.106
Brazil,2016,16.8,10.0,75.081
Brazil,2017,15.4,9.2,75.383
Brazil,2018,15.2,9.1,75.633
Brazil,2019,15.0,9.2,75.809
Brazil,2020,14.9,9.2,74.506
Brazil,2021,14.7,8.9,73.038
Brazil,2022,14.6,8.3,74.872
Brazil,2023,14.4,7.6,75.848
Burkina Faso,2014,104.7,28.8,58.331
Burkina Faso,2015,101.1,28.3,58.778
Burkina Faso,2016,97.7,27.9,59.173
Burkina Faso,2017,94.3,27.4,59.578
Burkina Faso,2018,91.2,26.8,59.972
Burkina Faso,2019,88.2,26.3,60.184
Burkina Faso,2020,85.3,25.9,60.454
Burkina Faso,2021,82.5,25.4,60.046
Burkina Faso,2022,79.9,24.9,60.7
Burkina Faso,2023,77.3,24.5,61.092
Burundi,2014,71.3,24.4,59.764
Burundi,2015,67.6,23.7,60.107
Burundi,2016,64.4,23.0,60.789
Burundi,2017,61.5,22.4,61.345
Burundi,2018,59.0,21.9,61.806
Burundi,2019,56.7,21.4,62.18
Burundi,2020,54.6,20.9,62.569
Burundi,2021,52.6,20.5,62.101
Burundi,2022,50.8,20.1,62.882
Burundi,2023,49.2,19.6,63.651
Cabo Verde,2014,20.9,13.3,73.788
Cabo Verde,2015,19.1,12.3,74.096
Cabo Verde,2016,17.6,11.5,74.35
Cabo Verde,2017,16.2,10.7,74.71
Cabo Verde,2018,15.1,10.1,74.84
Cabo Verde,2019,14.1,9.6,75.449
Cabo Verde,2020,13.3,9.3,73.818
Cabo Verde,2021,12.7,8.9,74.424
Cabo Verde,2022,12.1,8.6,75.907
Cabo Verde,2023,11.6,8.3,76.059
Cambodia,2014,33.3,17.2,69.117
Cambodia,2015,31.6,16.4,69.398
Cambodia,2016,30.2,15.6,69.635
Cambodia,2017,28.9,15.0,69.842
Cambodia,2018,27.7,14.4,69.993
Cambodia,2019,26.7,13.8,70.127
Cambodia,2020,25.6,13.2,70.059
Cambodia,2021,24.7,12.7,69.301
Cambodia,2022,23.8,12.3,70.528
Cambodia,2023,22.9,11.8,70.668
Cameroon,2014,93.1,30.2,59.13
Cameroon,2015,89.0,29.7,59.687
Cameroon,2016,85.6,29.1,60.293
Cameroon,2017,82.5,28.5,60.817
Cameroon,2018,79.7,27.9,61.189
Cameroon,2019,77.2,27.3,61.695
Cameroon,2020,74.6,26.8,61.674
Cameroon,2021,72.1,26.2,61.146
Cameroon,2022,69.5,25.7,62.443
Cameroon,2023,67.2,25.2,63.7
Central African Republic,2014,182.6,35.6,40.265
Central African Republic,2015,114.1,34.2,51.934
Central African Republic,2016,126.1,34.1,50.999
Central African Republic,2017,152.4,34.3,45.231
Central African Republic,2018,119.8,33.4,52.297
Central African Republic,2019,243.1,35.0,31.53
Central African Republic,2020,122.6,32.6,50.596
Central African Republic,2021,171.3,33.0,40.279
Central African Republic,2022,387.4,36.2,18.818
Central African Republic,2023,92.2,30.7,57.408
Chad,2014,133.0,36.3,51.141
Chad,2015,129.3,35.7,51.32
Chad,2016,125.7,35.2,51.603
Chad,2017,122.0,34.7,51.875
Chad,2018,118.3,34.1,52.447
Chad,2019,114.6,33.6,52.993
Chad,2020,111.0,33.0,53.082
Chad,2021,107.6,32.5,53.136
Chad,2022,104.3,31.9,54.528
Chad,2023,101.1,31.4,55.069
Chile,2014,8.1,5.1,79.714
Chile,2015,7.9,5.2,80.008
Chile,2016,7.7,5.3,80.295
Chile,2017,7.5,5.3,80.61
Chile,2018,7.2,5.0,80.559
Chile,2019,7.0,4.7,80.324
Chile,2020,6.8,4.5,79.349
Chile,2021,6.7,4.5,78.876
Chile,2022,6.8,4.5,79.176
Chile,2023,7.2,4.6,81.167
Colombia,2014,16.1,8.8,75.95
Colombia,2015,15.6,8.5,76.067
Colombia,2016,15.1,8.2,76.228
Colombia,2017,14.6,8.0,76.418
Colombia,2018,14.1,7.7,76.579
Colombia,2019,13.7,7.5,76.793
Colombia,2020,13.2,7.2,74.757
Colombia,2021,12.8,7.0,72.698
Colombia,2022,12.4,6.8,76.508
Colombia,2023,12.0,6.5,77.725
Comoros,2014,49.7,26.6,64.143
Comoros,2015,48.7,26.1,64.473
Comoros,2016,47.6,25.7,64.792
Comoros,2017,46.6,25.3,65.127
Comoros,2018,45.6,24.8,65.401
Comoros,2019,44.6,24.4,65.662
Comoros,2020,43.5,23.9,65.756
Comoros,2021,42.4,23.5,65.201
Comoros,2022,41.1,23.0,66.481
Comoros,2023,39.8,22.5,66.777
"Congo, Rep.",2014,54.5,21.1,63.349
"Congo, Rep.",2015,52.7,20.7,63.662
"Congo, Rep.",2016,50.9,20.3,63.911
"Congo, Rep.",2017,49.3,19.9,64.203
"Congo, Rep.",2018,47.7,19.5,64.472
"Congo, Rep.",2019,52.4,19.2,63.152
"Congo, Rep.",2020,44.7,18.8,64.391
"Congo, Rep.",2021,43.3,18.4,64.192
"Congo, Rep.",2022,41.9,18.0,65.0
"Congo, Rep.",2023,40.5,17.7,65.772
Costa Rica,2014,9.2,6.3,80.231
Costa Rica,2015,9.0,6.2,80.407
Costa Rica,2016,8.9,6.1,79.988
Costa Rica,2017,8.9,6.1,79.994
Costa Rica,2018,8.9,6.2,80.09
Costa Rica,2019,9.1,6.2,80.296
Costa Rica,2020,9.4,6.4,79.725
Costa Rica,2021,9.7,6.6,78.05
Costa Rica,2022,10.1,6.9,79.316
Costa Rica,2023,10.5,7.2,80.799
Cote d'Ivoire,2014,89.2,33.1,57.772
Cote d'Ivoire,2015,86.1,32.5,58.281
Cote d'Ivoire,2016,83.6,32.0,58.814
Cote d'Ivoire,2017,81.1,31.4,59.315
Cote d'Ivoire,2018,78.5,30.9,59.795
Cote d'Ivoire,2019,75.9,30.3,60.274
Cote d'Ivoire,2020,73.7,29.7,60.14
Cote d'Ivoire,2021,71.4,29.2,60.29
Cote d'Ivoire,2022,69.2,28.7,61.562
Cote d'Ivoire,2023,67.1,28.2,61.944
Cuba,2014,6.0,2.6,77.825
Cuba,2015,6.1,2.6,77.745
Cuba,2016,6.2,2.6,77.571
Cuba,2017,6.4,2.7,77.3
Cuba,2018,6.6,2.9,77.426
Cuba,2019,6.9,3.2,77.413
Cuba,2020,7.2,3.5,77.407
Cuba,2021,7.6,3.8,73.201
Cuba,2022,7.9,4.0,77.629
Cuba,2023,8.3,4.2,78.085
Djibouti,2014,67.2,34.5,62.427
Djibouti,2015,65.1,33.8,62.833
Djibouti,2016,63.3,33.1,63.335
Djibouti,2017,61.3,32.3,63.71
Djibouti,2018,59.4,31.6,64.105
Djibouti,2019,57.5,30.9,64.381
Djibouti,2020,55.6,30.1,64.2
Djibouti,2021,53.8,29.5,63.83
Djibouti,2022,52.2,28.8,65.54
Djibouti,2023,50.4,28.2,65.987
Dominica,2014,28.3,24.2,71.189
Dominica,2015,29.3,25.4,69.968
Dominica,2016,30.2,26.5,71.189
Dominica,2017,31.2,27.4,68.62
Dominica,2018,32.1,28.3,71.378
Dominica,2019,33.0,29.0,71.305
Dominica,2020,33.8,29.6,71.269
Dominica,2021,34.5,30.1,69.832
Dominica,2022,35.1,30.5,71.081
Dominica,2023,35.5,30.8,71.132
Dominican Republic,2014,35.0,24.3,73.145
Dominican Republic,2015,35.0,24.3,72.982
Dominican Republic,2016,35.0,24.4,72.889
Dominican Republic,2017,35.0,24.3,73.37
Dominican Republic,2018,34.7,24.1,73.555
Dominican Republic,2019,34.3,23.8,73.112
Dominican Republic,2020,33.8,23.4,72.636
Dominican Republic,2021,33.1,22.9,71.757
Dominican Republic,2022,32.2,22.3,74.211
Dominican Republic,2023,31.4,21.7,73.72
Ecuador,2014,15.9,7.5,76.141
Ecuador,2015,15.3,7.3,76.222
Ecuador,2016,14.8,7.1,76.094
Ecuador,2017,14.4,7.0,76.22
Ecuador,2018,14.1,6.9,77.248
Ecuador,2019,13.8,7.0,77.286
Ecuador,2020,13.6,7.1,72.004
Ecuador,2021,13.4,7.2,72.746
Ecuador,2022,13.2,7.2,76.577
Ecuador,2023,13.1,7.1,77.392
"Egypt, Arab Rep.",2014,24.1,12.8,69.911
"Egypt, Arab Rep.",2015,23.3,12.3,70.135
"Egypt, Arab Rep.",2016,22.4,11.8,70.437
"Egypt, Arab Rep.",2017,21.6,11.4,70.709
"Egypt, Arab Rep.",2018,20.8,11.0,70.974
"Egypt, Arab Rep.",2019,20.1,10.6,71.213
"Egypt, Arab Rep.",2020,19.4,10.2,69.79
"Egypt, Arab Rep.",2021,18.7,9.9,68.976
"Egypt, Arab Rep.",2022,18.1,9.6,71.01
"Egypt, Arab Rep.",2023,17.5,9.3,71.633
El Salvador,2014,15.2,6.7,71.144
El Salvador,2015,14.5,6.3,70.952
El Salvador,2016,13.9,6.0,70.908
El Salvador,2017,13.3,5.7,71.007
El Salvador,2018,12.7,5.4,71.384
El Salvador,2019,12.2,5.2,71.725
El Salvador,2020,11.7,5.0,70.244
El Salvador,2021,11.2,4.8,69.941
El Salvador,2022,10.8,4.6,71.969
El Salvador,2023,10.4,4.4,72.099
Equatorial Guinea,2014,96.6,32.9,60.228
Equatorial Guinea,2015,93.3,32.2,60.635
Equatorial Guinea,2016,89.9,31.7,61.081
Equatorial Guinea,2017,87.0,31.0,61.481
Equatorial Guinea,2018,84.2,30.4,61.915
Equatorial Guinea,2019,81.7,29.7,62.297
Equatorial Guinea,2020,78.8,29.1,62.141
Equatorial Guinea,2021,76.1,28.6,62.447
Equatorial Guinea,2022,73.4,27.9,63.355
Equatorial Guinea,2023,70.6,27.2,63.707
Eritrea,2014,47.8,20.1,65.517
Eritrea,2015,46.1,19.7,65.909
Eritrea,2016,44.6,19.3,66.242
Eritrea,2017,43.2,18.9,66.612
Eritrea,2018,41.7,18.5,66.979
Eritrea,2019,40.3,18.1,67.306
Eritrea,2020,39.1,17.8,66.98
Eritrea,2021,37.9,17.4,66.94
Eritrea,2022,36.6,17.0,67.789
Eritrea,2023,35.4,16.4,68.624
Eswatini,2014,61.7,25.5,53.491
Eswatini,2015,58.6,25.7,54.941
Eswatini,2016,55.3,25.9,56.228
Eswatini,2017,54.3,26.1,57.574
Eswatini,2018,51.0,26.2,58.707
Eswatini,2019,51.6,26.0,59.85
Eswatini,2020,49.8,25.8,59.862
Eswatini,2021,47.6,25.4,58.228
Eswatini,2022,46.2,25.0,63.028
Eswatini,2023,45.0,24.5,64.123
Ethiopia,2014,68.2,34.7,62.927
Ethiopia,2015,64.9,33.9,63.592
Ethiopia,2016,61.7,33.0,64.162
Ethiopia,2017,58.9,32.2,64.766
Ethiopia,2018,56.4,31.3,65.257
Ethiopia,2019,54.1,30.4,65.741
Ethiopia,2020,52.0,29.7,65.969
Ethiopia,2021,50.0,28.9,65.33
Ethiopia,2022,48.2,28.1,66.897
Ethiopia,2023,46.5,27.4,67.315
Fiji,2014,20.6,8.2,66.581
Fiji,2015,20.9,8.5,66.48
Fiji,2016,21.6,9.2,66.657
Fiji,2017,22.7,10.2,67.06
Fiji,2018,24.1,11.3,66.965
Fiji,2019,25.7,12.6,67.009
Fiji,2020,27.2,13.7,66.924
Fiji,2021,28.3,14.4,64.904
Fiji,2022,28.9,14.8,67.148
Fiji,2023,29.1,14.9,67.316
Gabon,2014,45.7,21.6,66.07
Gabon,2015,44.2,21.2,66.336
Gabon,2016,42.4,20.7,66.583
Gabon,2017,41.0,20.2,66.816
Gabon,2018,39.6,19.6,67.043
Gabon,2019,38.0,19.0,67.337
Gabon,2020,36.2,18.4,67.073
Gabon,2021,35.2,17.9,67.072
Gabon,2022,34.1,17.3,67.713
Gabon,2023,33.2,16.8,68.337
"Gambia, The",2014,61.8,29.9,62.576
"Gambia, The",2015,59.3,29.2,62.971
"Gambia, The",2016,57.0,28.4,63.386
"Gambia, The",2017,54.7,27.6,63.708
"Gambia, The",2018,52.7,26.9,64.034
"Gambia, The",2019,50.7,26.2,64.427
"Gambia, The",2020,48.9,25.6,64.418
"Gambia, The",2021,47.2,24.9,63.847
"Gambia, The",2022,45.6,24.3,64.859
"Gambia, The",2023,44.1,23.7,65.86
Georgia,2014,10.9,7.3,73.105
Georgia,2015,10.5,6.7,73.241
Georgia,2016,10.2,6.2,73.136
Georgia,2017,10.0,5.8,73.435
Georgia,2018,9.8,5.6,73.985
Georgia,2019,9.7,5.4,74.165
Georgia,2020,9.6,5.4,73.509
Georgia,2021,9.5,5.4,71.635
Georgia,2022,9.3,5.4,74.141
Georgia,2023,9.2,5.3,74.496
Ghana,2014,54.8,25.6,62.832
Ghana,2015,52.5,25.0,63.175
Ghana,2016,50.2,24.5,63.522
Ghana,2017,48.1,23.9,63.829
Ghana,2018,46.0,23.4,64.138
Ghana,2019,43.9,23.0,64.455
Ghana,2020,42.0,22.5,64.309
Ghana,2021,40.2,22.1,64.286
Ghana,2022,38.5,21.7,65.246
Ghana,2023,37.1,21.2,65.498
Grenada,2014,17.2,11.1,75.045
Grenada,2015,17.5,11.5,75.037
Grenada,2016,17.9,11.8,75.01
Grenada,2017,18.1,12.0,74.977
Grenada,2018,18.3,12.2,74.957
Grenada,2019,18.5,12.4,74.971
Grenada,2020,18.7,12.6,75.019
Grenada,2021,18.7,12.6,74.522
Grenada,2022,18.5,12.6,75.151
Grenada,2023,18.3,12.4,75.205
Guatemala,2014,29.4,13.8,70.942
Guatemala,2015,28.3,13.3,70.915
Guatemala,2016,27.2,12.8,71.215
Guatemala,2017,26.3,12.3,71.583
Guatemala,2018,25.4,11.9,71.496
Guatemala,2019,24.5,11.5,71.639
Guatemala,2020,23.7,11.1,69.971
Guatemala,2021,22.8,10.7,67.858
Guatemala,2022,22.1,10.4,71.206
Guatemala,2023,21.4,10.0,72.602
Guinea,2014,115.6,34.2,57.581
Guinea,2015,114.1,33.7,57.899
Guinea,2016,111.7,33.3,58.49
Guinea,2017,109.9,33.0,58.715
Guinea,2018,108.0,32.6,59.043
Guinea,2019,105.7,32.2,59.379
Guinea,2020,103.2,31.8,59.35
Guinea,2021,100.5,31.3,59.373
Guinea,2022,97.8,30.9,60.432
Guinea,2023,95.0,30.3,60.74
Guinea-Bissau,2014,95.3,40.1,59.476
Guinea-Bissau,2015,91.8,39.1,60.071
Guinea-Bissau,2016,88.4,38.2,60.619
Guinea-Bissau,2017,85.3,37.4,61.148
Guinea-Bissau,2018,82.1,36.6,61.652
Guinea-Bissau,2019,79.1,35.8,62.161
Guinea-Bissau,2020,76.6,35.0,61.343
Guinea-Bissau,2021,74.1,34.1,61.653
Guinea-Bissau,2022,71.6,33.4,63.605
Guinea-Bissau,2023,69.3,32.7,64.085
Guyana,2014,34.0,20.7,67.334
Guyana,2015,33.1,20.1,67.719
Guyana,2016,32.1,19.5,68.069
Guyana,2017,31.1,18.9,68.543
Guyana,2018,30.2,18.3,68.829
Guyana,2019,29.3,17.8,69.067
Guyana,2020,28.4,17.2,67.751
Guyana,2021,27.5,16.7,64.323
Guyana,2022,26.6,16.1,69.888
Guyana,2023,25.7,15.6,70.18
Haiti,2014,71.9,27.4,62.969
Haiti,2015,69.9,27.0,63.224
Haiti,2016,67.9,26.6,63.325
Haiti,2017,66.1,26.1,63.832
Haiti,2018,64.2,25.6,64.077
Haiti,2019,62.3,25.2,64.328
Haiti,2020,60.4,24.7,63.773
Haiti,2021,58.5,24.2,62.613
Haiti,2022,56.9,23.7,63.948
Haiti,2023,55.1,23.3,64.936
Honduras,2014,21.2,12.2,71.032
Honduras,2015,20.5,11.7,71.323
Honduras,2016,19.8,11.3,71.615
Honduras,2017,19.1,10.9,71.805
Honduras,2018,18.4,10.5,72.001
Honduras,2019,17.8,10.1,72.124
Honduras,2020,17.2,9.8,70.864
Honduras,2021,16.6,9.5,69.492
Honduras,2022,16.0,9.1,72.715
Honduras,2023,15.5,8.8,72.884
India,2014,46.3,27.1,68.932
India,2015,43.6,26.0,69.326
India,2016,41.1,24.9,69.709
India,2017,38.7,23.8,70.068
India,2018,36.4,22.7,70.415
India,2019,34.3,21.4,70.746
India,2020,32.4,20.2,70.156
India,2021,30.6,19.1,67.282
India,2022,29.1,18.1,71.698
India,2023,27.7,17.3,72.003
Indonesia,2014,28.6,14.6,69.292
Indonesia,2015,27.4,14.0,69.52
Indonesia,2016,26.4,13.5,69.733
Indonesia,2017,25.4,13.0,69.953
Indonesia,2018,24.5,12.5,70.08
Indonesia,2019,23.6,12.0,70.349
Indonesia,2020,22.8,11.6,68.817
Indonesia,2021,22.0,11.2,67.452
Indonesia,2022,21.3,10.9,70.925
Indonesia,2023,20.6,10.5,71.146
"Iran, Islamic Rep.",2014,16.1,10.4,75.635
"Iran, Islamic Rep.",2015,15.5,10.0,75.907
"Iran, Islamic Rep.",2016,15.0,9.6,76.155
"Iran, Islamic Rep.",2017,14.5,9.2,76.396
"Iran, Islamic Rep.",2018,13.9,8.9,76.621
"Iran, Islamic Rep.",2019,13.5,8.5,76.855
"Iran, Islamic Rep.",2020,13.0,8.2,74.141
"Iran, Islamic Rep.",2021,12.6,7.9,73.752
"Iran, Islamic Rep.",2022,12.2,7.7,76.799
"Iran, Islamic Rep.",2023,11.8,7.4,77.654
Iraq,2014,30.4,17.3,69.679
Iraq,2015,29.4,16.7,69.977
Iraq,2016,28.4,16.2,68.683
Iraq,2017,27.5,15.7,69.788
Iraq,2018,26.6,15.2,71.116
Iraq,2019,25.7,14.7,71.245
Iraq,2020,24.9,14.2,69.651
Iraq,2021,24.1,13.7,70.704
Iraq,2022,23.3,13.3,72.037
Iraq,2023,22.6,12.9,72.324
Jamaica,2014,18.7,14.5,72.357
Jamaica,2015,18.7,14.3,72.214
Jamaica,2016,18.6,14.1,72.052
Jamaica,2017,18.6,14.0,71.879
Jamaica,2018,18.7,14.0,71.606
Jamaica,2019,18.8,14.1,71.532
Jamaica,2020,19.0,14.3,71.452
Jamaica,2021,19.1,14.4,69.085
Jamaica,2022,19.3,14.5,71.481
Jamaica,2023,19.3,14.5,71.479
Jordan,2014,16.9,10.0,74.606
Jordan,2015,16.5,9.7,75.06
Jordan,2016,16.0,9.4,75.55
Jordan,2017,15.6,9.1,76.071
Jordan,2018,15.2,8.8,76.491
Jordan,2019,14.8,8.5,76.865
Jordan,2020,14.4,8.3,75.583
Jordan,2021,14.0,8.0,74.204
Jordan,2022,13.6,7.8,77.088
Jordan,2023,13.2,7.6,77.814
Kazakhstan,2014,13.0,6.2,71.415
Kazakhstan,2015,11.9,5.5,72.024
Kazakhstan,2016,11.0,5.0,72.549
Kazakhstan,2017,10.5,4.8,72.996
Kazakhstan,2018,10.3,4.7,73.369
Kazakhstan,2019,10.2,4.7,73.658
Kazakhstan,2020,10.1,4.8,71.195
Kazakhstan,2021,10.0,4.8,70.131
Kazakhstan,2022,9.8,4.6,73.503
Kazakhstan,2023,9.6,4.3,74.402
Kenya,2014,48.8,23.6,61.99
Kenya,2015,47.4,23.5,62.279
Kenya,2016,46.0,23.4,62.526
Kenya,2017,45.3,23.2,62.725
Kenya,2018,44.3,22.9,62.825
Kenya,2019,43.3,22.6,62.939
Kenya,2020,42.8,22.4,61.596
Kenya,2021,41.9,22.1,61.225
Kenya,2022,41.1,21.8,63.549
Kenya,2023,39.9,21.5,63.646
Kiribati,2014,58.4,23.5,65.869
Kiribati,2015,58.9,23.6,65.831
Kiribati,2016,59.5,23.7,65.799
Kiribati,2017,59.9,23.8,65.787
Kiribati,2018,59.8,23.9,65.807
Kiribati,2019,59.3,23.7,65.866
Kiribati,2020,58.6,23.4,65.205
Kiribati,2021,57.6,23.1,64.148
Kiribati,2022,56.5,22.7,66.269
Kiribati,2023,55.1,22.4,66.473
"Korea, Dem. People's Rep.",2014,22.6,12.1,72.451
"Korea, Dem. People's Rep.",2015,21.4,11.4,72.825
"Korea, Dem. People's Rep.",2016,20.6,11.0,72.971
"Korea, Dem. People's Rep.",2017,19.1,10.2,73.034
"Korea, Dem. People's Rep.",2018,18.4,9.8,73.02
"Korea, Dem. People's Rep.",2019,17.7,9.5,72.928
"Korea, Dem. People's Rep.",2020,17.4,9.3,72.783
"Korea, Dem. People's Rep.",2021,17.4,9.3,73.437
"Korea, Dem. People's Rep.",2022,17.7,9.5,73.641
"Korea, Dem. People's Rep.",2023,18.0,9.6,73.642
Kyrgyz Republic,2014,23.5,14.0,70.4024390243902
Kyrgyz Republic,2015,22.2,13.5,70.6512195121951
Kyrgyz Republic,2016,21.1,12.9,70.9512195121951
Kyrgyz Republic,2017,20.0,12.4,71.2
Kyrgyz Republic,2018,19.1,11.9,71.4
Kyrgyz Republic,2019,18.4,11.5,71.6
Kyrgyz Republic,2020,17.8,11.3,71.8
Kyrgyz Republic,2021,17.5,11.1,71.9
Kyrgyz Republic,2022,17.2,11.0,72.0487804878049
Kyrgyz Republic,2023,17.0,10.8,72.2487804878049
Lao PDR,2014,55.8,25.4,66.35
Lao PDR,2015,53.2,24.6,66.688
Lao PDR,2016,50.9,23.9,67.014
Lao PDR,2017,48.8,23.2,67.345
Lao PDR,2018,46.8,22.6,67.594
Lao PDR,2019,45.1,22.0,67.911
Lao PDR,2020,43.4,21.5,68.339
Lao PDR,2021,41.9,21.0,67.807
Lao PDR,2022,40.4,20.5,68.715
Lao PDR,2023,39.0,20.0,68.964
Lebanon,2014,12.5,7.4,78.148
Lebanon,2015,12.7,7.5,78.275
Lebanon,2016,13.1,7.7,78.306
Lebanon,2017,13.5,8.0,78.192
Lebanon,2018,14.0,8.3,78.263
Lebanon,2019,14.7,8.8,78.208
Lebanon,2020,15.5,9.3,76.299
Lebanon,2021,16.3,9.9,73.65
Lebanon,2022,17.3,10.5,78.003
Lebanon,2023,18.3,11.1,77.817
Lesotho,2014,78.2,34.7,50.786
Lesotho,2015,75.1,34.2,51.83
Lesotho,2016,71.8,33.5,52.908
Lesotho,2017,71.2,32.8,53.874
Lesotho,2018,69.1,32.1,54.638
Lesotho,2019,68.7,31.4,55.249
Lesotho,2020,66.8,30.7,55.133
Lesotho,2021,64.4,30.0,54.209
Lesotho,2022,61.5,29.4,56.812
Lesotho,2023,58.9,28.7,57.375
Liberia,2014,95.0,33.4,59.21
Liberia,2015,90.8,33.2,59.248
Liberia,2016,88.3,33.0,60.483
Liberia,2017,86.0,32.7,60.777
Liberia,2018,84.0,32.3,60.999
Liberia,2019,81.9,31.9,61.232
Liberia,2020,79.7,31.3,61.267
Liberia,2021,77.4,30.7,61.166
Liberia,2022,75.1,30.2,61.934
Liberia,2023,72.9,29.6,62.163
Libya,2014,13.9,7.4,71.3
Libya,2015,13.3,7.1,71.644
Libya,2016,12.8,6.9,71.799
Libya,2017,12.4,6.6,72.721
Libya,2018,11.9,6.4,73.151
Libya,2019,11.6,6.2,72.941
Libya,2020,11.2,5.9,72.388
Libya,2021,10.8,5.8,72.062
Libya,2022,10.5,5.6,74.462
Libya,2023,30.8,5.7,69.339
Madagascar,2014,66.2,24.2,63.261
Madagascar,2015,65.8,24.1,63.362
Madagascar,2016,65.7,24.0,63.431
Madagascar,2017,65.7,24.0,63.433
Madagascar,2018,65.8,24.0,63.491
Madagascar,2019,66.1,24.1,63.504
Madagascar,2020,66.3,24.1,62.706
Madagascar,2021,66.2,24.1,62.516
Madagascar,2022,65.7,24.0,63.068
Madagascar,2023,64.8,23.8,63.632
Malawi,2014,60.2,23.7,61.651
Malawi,2015,56.7,23.0,62.324
Malawi,2016,53.5,22.4,63.163
Malawi,2017,50.6,21.8,63.914
Malawi,2018,47.5,21.3,64.464
Malawi,2019,45.5,20.8,64.995
Malawi,2020,43.1,20.3,65.216
Malawi,2021,41.5,19.8,64.782
Malawi,2022,39.9,19.3,66.037
Malawi,2023,38.3,18.8,67.353
Malaysia,2014,8.1,4.1,75.345
Malaysia,2015,8.1,4.2,75.288
Malaysia,2016,8.2,4.2,75.371
Malaysia,2017,8.2,4.3,75.542
Malaysia,2018,8.2,4.3,75.734
Malaysia,2019,8.2,4.3,75.9
Malaysia,2020,8.1,4.3,76.057
Malaysia,2021,8.1,4.2,73.917
Malaysia,2022,8.1,4.2,75.444
Malaysia,2023,8.1,4.1,76.657
Maldives,2014,10.5,5.9,78.187
Maldives,2015,9.9,5.8,78.607
Maldives,2016,9.2,5.8,78.913
Maldives,2017,8.6,5.6,79.228
Maldives,2018,8.0,5.4,79.433
Maldives,2019,7.4,5.1,79.707
Maldives,2020,6.9,4.7,78.713
Maldives,2021,6.4,4.4,78.052
Maldives,2022,6.0,4.1,80.76
Maldives,2023,5.7,3.9,81.041
Mali,2014,119.0,37.4,57.482
Mali,2015,115.7,36.9,57.852
Mali,2016,112.4,36.4,58.286
Mali,2017,109.3,35.9,58.562
Mali,2018,106.1,35.3,58.873
Mali,2019,103.1,34.7,59.217
Mali,2020,100.0,34.2,58.858
Mali,2021,96.9,33.6,59.116
Mali,2022,94.0,32.9,60.035
Mali,2023,91.3,32.4,60.439
Marshall Islands,2014,36.6,17.1,65.11
Marshall Islands,2015,35.7,16.7,65.292
Marshall Islands,2016,34.8,16.2,65.477
Marshall Islands,2017,33.8,15.8,65.673
Marshall Islands,2018,32.9,15.3,65.87
Marshall Islands,2019,31.9,14.8,66.047
Marshall Islands,2020,31.0,14.3,65.387
Marshall Islands,2021,30.0,13.9,65.421
Marshall Islands,2022,29.1,13.5,66.725
Marshall Islands,2023,28.2,13.0,66.945
Mauritania,2014,50.4,26.1,66.207
Mauritania,2015,48.9,25.6,66.498
Mauritania,2016,47.4,25.1,66.823
Mauritania,2017,45.9,24.6,67.088
Mauritania,2018,44.5,24.1,67.419
Mauritania,2019,43.0,23.5,67.64
Mauritania,2020,41.7,23.0,66.794
Mauritania,2021,40.3,22.5,66.762
Mauritania,2022,39.1,22.0,68.281
Mauritania,2023,37.8,21.5,68.484
Mauritius,2014,14.7,9.2,74.1943902439024
Mauritius,2015,14.7,9.1,74.3531707317073
Mauritius,2016,14.7,9.2,74.3948780487805
Mauritius,2017,15.0,9.3,74.5146341463415
Mauritius,2018,15.3,9.6,74.4163414634146
Mauritius,2019,15.7,9.9,74.2358536585366
Mauritius,2020,15.8,9.9,74.1770731707317
Mauritius,2021,15.7,9.7,73.680243902439
Mauritius,2022,15.5,9.3,73.5146341463415
Mauritius,2023,15.2,9.0,73.4121951219512
Mexico,2014,16.8,8.3,74.404
Mexico,2015,16.2,8.3,74.431
Mexico,2016,15.7,8.4,74.376
Mexico,2017,15.2,8.6,74.261
Mexico,2018,14.7,8.7,74.301
Mexico,2019,14.2,8.6,74.53
Mexico,2020,13.8,8.4,70.449
Mexico,2021,13.3,8.2,69.75
Mexico,2022,12.9,7.9,73.973
Mexico,2023,12.5,7.6,75.069
Moldova,2014,15.8,11.7,70.241
Moldova,2015,15.5,11.5,70.118
Moldova,2016,15.3,11.3,70.179
Moldova,2017,15.2,11.2,70.375
Moldova,2018,15.1,11.1,70.236
Moldova,2019,15.0,11.0,70.181
Moldova,2020,14.9,10.9,69.914
Moldova,2021,14.8,10.9,68.991
Moldova,2022,14.8,10.8,71.546
Moldova,2023,14.7,10.8,71.198
Mongolia,2014,20.4,9.8,70.5831707317073
Mongolia,2015,19.4,9.6,70.810243902439
Mongolia,2016,18.4,9.2,70.2239024390244
Mongolia,2017,17.4,8.9,70.5434146341463
Mongolia,2018,16.4,8.6,70.8270731707317
Mongolia,2019,15.6,8.4,71.0531707317073
Mongolia,2020,14.8,8.1,71.3490243902439
Mongolia,2021,14.3,7.9,71.6451219512195
Mongolia,2022,13.9,7.7,71.9007317073171
Mongolia,2023,13.6,7.4,72.1224390243902
Montenegro,2014,4.5,2.6,76.3390243902439
Montenegro,2015,4.1,2.3,76.6024390243903
Montenegro,2016,3.8,2.0,76.5414634146342
Montenegro,2017,3.6,1.7,76.6853658536585
Montenegro,2018,3.3,1.5,77.8853658536585
Montenegro,2019,3.2,1.3,76.6829268292683
Montenegro,2020,3.0,1.2,75.9317073170732
Montenegro,2021,2.8,1.1,73.8243902439024
Montenegro,2022,2.7,1.0,76.1878048780488
Montenegro,2023,2.6,1.0,77.5878048780488
Morocco,2014,24.7,15.3,72.522
Morocco,2015,23.4,14.4,72.894
Morocco,2016,22.2,13.7,73.228
Morocco,2017,21.1,13.0,73.608
Morocco,2018,20.2,12.4,73.946
Morocco,2019,19.4,11.9,74.245
Morocco,2020,18.6,11.4,73.133
Morocco,2021,17.9,11.0,73.385
Morocco,2022,17.2,10.6,75.161
Morocco,2023,16.6,10.2,75.313
Mozambique,2014,79.2,26.5,57.965
Mozambique,2015,75.1,26.4,58.711
Mozambique,2016,72.3,26.4,59.455
Mozambique,2017,70.9,26.5,60.148
Mozambique,2018,69.5,26.5,60.79
Mozambique,2019,68.3,26.4,61.306
Mozambique,2020,67.3,26.3,61.39
Mozambique,2021,65.8,26.1,60.268
Mozambique,2022,64.3,25.8,63.011
Mozambique,2023,61.7,25.4,63.611
Myanmar,2014,53.4,25.6,64.994
Myanmar,2015,51.3,25.0,65.288
Myanmar,2016,49.5,24.3,65.64
Myanmar,2017,47.7,23.7,65.909
Myanmar,2018,46.0,23.2,66.232
Myanmar,2019,44.4,22.6,66.457
Myanmar,2020,42.9,22.1,66.612
Myanmar,2021,41.4,21.6,65.553
Myanmar,2022,40.0,21.1,66.506
Myanmar,2023,38.7,20.6,66.889
Namibia,2014,53.1,26.8,59.311
Namibia,2015,55.0,27.5,60.008
Namibia,2016,54.2,27.8,60.81
Namibia,2017,51.9,27.9,61.661
Namibia,2018,50.1,27.7,62.579
Namibia,2019,47.8,27.3,63.546
Namibia,2020,45.7,26.6,64.071
Namibia,2021,43.8,25.8,60.85
Namibia,2022,42.0,25.0,64.19
Namibia,2023,40.7,24.1,67.385
Nauru,2014,19.3,10.5,60.834
Nauru,2015,17.6,9.4,60.897
Nauru,2016,16.1,8.5,60.996
Nauru,2017,14.7,7.7,61.101
Nauru,2018,13.4,7.1,61.238
Nauru,2019,12.2,6.5,61.393
Nauru,2020,11.1,6.0,61.527
Nauru,2021,10.2,5.5,61.331
Nauru,2022,9.5,5.1,61.93
Nauru,2023,8.9,4.8,62.109
Nepal,2014,40.1,24.2,67.812
Nepal,2015,38.2,23.4,67.374
Nepal,2016,36.4,22.4,68.444
Nepal,2017,34.6,21.4,68.74
Nepal,2018,33.0,20.4,69.036
Nepal,2019,31.4,19.5,69.299
Nepal,2020,29.9,18.7,69.106
Nepal,2021,28.6,17.9,68.385
Nepal,2022,27.5,17.2,70.087
Nepal,2023,26.5,16.6,70.354
Nicaragua,2014,19.4,11.3,72.792
Nicaragua,2015,18.6,10.9,72.899
Nicaragua,2016,17.8,10.4,73.18
Nicaragua,2017,17.1,10.0,73.389
Nicaragua,2018,16.4,9.8,73.879
Nicaragua,2019,15.7,9.6,73.764
Nicaragua,2020,15.1,9.6,70.766
Nicaragua,2021,14.5,9.3,70.478
Nicaragua,2022,13.9,8.9,74.463
Nicaragua,2023,13.4,8.4,74.947
Niger,2014,127.4,34.7,58.693
Niger,2015,126.3,34.8,58.85
Niger,2016,125.1,34.9,59.228
Niger,2017,123.9,34.9,59.524
Niger,2018,122.8,34.9,59.765
Niger,2019,121.8,34.9,60.031
Niger,2020,120.6,34.7,59.89
Niger,2021,119.1,34.5,59.542
Niger,2022,117.1,34.1,60.398
Niger,2023,114.8,33.8,61.183
Nigeria,2014,127.9,37.3,51.94
Nigeria,2015,126.4,37.1,51.939
Nigeria,2016,124.8,36.9,52.189
Nigeria,2017,122.8,36.7,52.397
Nigeria,2018,120.2,36.3,52.669
Nigeria,2019,117.5,35.8,53.009
Nigeria,2020,114.4,35.4,53.072
Nigeria,2021,111.3,34.9,53.455
Nigeria,2022,108.1,34.3,54.079
Nigeria,2023,104.9,33.7,54.462
North Macedonia,2014,11.1,7.9,75.4512195121951
North Macedonia,2015,11.3,8.2,75.4024390243902
North Macedonia,2016,10.8,7.9,75.4
North Macedonia,2017,9.7,6.9,75.9536585365854
North Macedonia,2018,8.3,5.6,76.6487804878049
North Macedonia,2019,7.0,4.4,76.6024390243903
North Macedonia,2020,5.9,3.4,74.3951219512195
North Macedonia,2021,5.0,2.6,73.2463414634146
North Macedonia,2022,4.1,1.9,74.4248780487805
North Macedonia,2023,3.3,1.4,75.3160975609756
Pakistan,2014,78.0,46.3,65.374
Pakistan,2015,75.6,45.3,65.641
Pakistan,2016,73.3,44.3,65.943
Pakistan,2017,71.0,43.3,66.223
Pakistan,2018,68.8,42.4,66.481
Pakistan,2019,66.7,41.4,66.729
Pakistan,2020,64.6,40.5,65.701
Pakistan,2021,62.5,39.5,65.773
Pakistan,2022,60.5,38.5,67.417
Pakistan,2023,58.5,37.6,67.649
Palau,2014,20.8,11.1,69.062
Palau,2015,21.4,11.4,69.07
Palau,2016,22.1,11.8,69.046
Palau,2017,22.8,12.1,69.019
Palau,2018,23.2,12.3,68.989
Palau,2019,23.4,12.4,68.982
Palau,2020,23.3,12.3,68.689
Palau,2021,23.0,12.2,68.563
Palau,2022,22.7,12.0,68.922
Palau,2023,22.3,11.7,69.269
Panama,2014,17.3,7.4,77.365
Panama,2015,17.2,7.4,77.583
Panama,2016,17.0,7.4,77.772
Panama,2017,16.8,7.5,77.901
Panama,2018,16.5,7.6,78.266
Panama,2019,15.9,7.5,78.514
Panama,2020,15.2,7.4,76.33
Panama,2021,14.5,7.1,77.004
Panama,2022,13.9,6.9,79.324
Panama,2023,13.3,6.6,79.594
Papua New Guinea,2014,53.0,24.6,64.198
Papua New Guinea,2015,51.7,24.2,64.473
Papua New Guinea,2016,50.2,23.7,64.7
Papua New Guinea,2017,48.7,23.3,64.923
Papua New Guinea,2018,47.2,22.9,65.114
Papua New Guinea,2019,45.9,22.3,65.331
Papua New Guinea,2020,44.5,21.8,65.075
Papua New Guinea,2021,43.1,21.4,64.358
Papua New Guinea,2022,41.7,21.0,65.274
Papua New Guinea,2023,40.3,20.5,66.134
Paraguay,2014,23.0,12.2,73.415
Paraguay,2015,22.2,11.8,73.454
Paraguay,2016,21.5,11.4,73.487
Paraguay,2017,20.8,11.1,73.45
Paraguay,2018,20.1,10.7,73.627
Paraguay,2019,19.4,10.3,73.668
Paraguay,2020,18.8,10.0,72.72
Paraguay,2021,18.2,9.7,68.108
Paraguay,2022,17.6,9.4,72.319
Paraguay,2023,17.0,9.1,73.844
Peru,2014,17.9,8.4,75.26
Peru,2015,17.6,8.3,75.732
Peru,2016,17.3,8.2,75.951
Peru,2017,17.1,8.2,75.958
Peru,2018,16.9,8.2,76.018
Peru,2019,16.8,8.2,76.275
Peru,2020,16.6,8.1,73.832
Peru,2021,16.4,8.0,71.596
Peru,2022,16.1,7.9,76.834
Peru,2023,15.8,7.8,77.74
Philippines,2014,28.0,13.4,69.311
Philippines,2015,27.8,13.5,69.45
Philippines,2016,27.8,13.6,69.49
Philippines,2017,27.8,13.8,69.966
Philippines,2018,27.9,14.1,69.761
Philippines,2019,28.0,14.3,69.68
Philippines,2020,27.9,14.4,70.097
Philippines,2021,27.7,14.4,66.675
Philippines,2022,27.3,14.2,69.472
Philippines,2023,26.9,14.0,69.833
Rwanda,2014,49.6,20.5,65.088
Rwanda,2015,47.8,20.1,65.419
Rwanda,2016,46.3,19.8,65.733
Rwanda,2017,45.2,19.5,66.14
Rwanda,2018,44.3,19.2,66.354
Rwanda,2019,43.4,19.0,66.691
Rwanda,2020,42.5,18.7,66.953
Rwanda,2021,41.6,18.5,66.85
Rwanda,2022,40.8,18.3,67.528
Rwanda,2023,40.0,18.1,67.785
Samoa,2014,18.7,7.5,71.142
Samoa,2015,18.5,7.4,71.06
Samoa,2016,18.3,7.3,71.003
Samoa,2017,18.1,7.2,70.991
Samoa,2018,17.8,7.1,71.052
Samoa,2019,20.2,7.0,70.269
Samoa,2020,17.0,6.7,70.727
Samoa,2021,16.6,6.6,71.096
Samoa,2022,16.2,6.4,71.55
Samoa,2023,15.7,6.2,71.698
Senegal,2014,53.9,26.1,66.001
Senegal,2015,52.4,26.4,66.451
Senegal,2016,51.1,26.8,66.724
Senegal,2017,49.7,26.9,67.059
Senegal,2018,48.2,26.7,67.379
Senegal,2019,46.5,26.2,67.668
Senegal,2020,44.6,25.3,67.496
Senegal,2021,42.5,24.2,66.868
Senegal,2022,40.4,23.2,67.788
Senegal,2023,38.5,22.3,68.683
Serbia,2014,6.6,4.2,75.3365853658537
Serbia,2015,6.3,4.0,75.2878048780488
Serbia,2016,6.1,3.8,75.6878048780488
Serbia,2017,5.9,3.7,75.5390243902439
Serbia,2018,5.8,3.6,75.890243902439
Serbia,2019,5.7,3.5,75.9365853658537
Serbia,2020,5.5,3.4,74.4780487804878
Serbia,2021,5.4,3.3,72.780487804878
Serbia,2022,5.3,3.3,75.2365853658537
Serbia,2023,5.2,3.2,76.2209756097561
Seychelles,2014,14.5,8.8,73.2292682926829
Seychelles,2015,14.5,8.9,74.2951219512195
Seychelles,2016,14.6,8.9,74.309756097561
Seychelles,2017,14.7,8.9,74.3
Seychelles,2018,14.8,8.9,72.8414634146341
Seychelles,2019,14.8,8.9,74.0463414634146
Seychelles,2020,14.8,8.9,77.2365853658537
Seychelles,2021,14.7,8.8,73.3975609756097
Seychelles,2022,14.5,8.7,73.7024390243903
Seychelles,2023,14.3,8.5,74.9585365853659
Sierra Leone,2014,136.8,35.3,54.281
Sierra Leone,2015,137.6,34.5,55.454
Sierra Leone,2016,122.7,33.6,56.937
Sierra Leone,2017,117.9,32.9,57.761
Sierra Leone,2018,113.4,32.2,59.059
Sierra Leone,2019,109.1,31.6,59.593
Sierra Leone,2020,105.1,30.9,59.694
Sierra Leone,2021,101.4,30.3,60.26
Sierra Leone,2022,97.7,29.8,61.275
Sierra Leone,2023,94.3,29.3,61.786
Solomon Islands,2014,25.3,10.3,68.984
Solomon Islands,2015,24.9,10.1,69.323
Solomon Islands,2016,24.5,9.9,69.501
Solomon Islands,2017,24.1,9.8,69.652
Solomon Islands,2018,23.6,9.5,69.806
Solomon Islands,2019,23.0,9.3,69.981
Solomon Islands,2020,22.4,9.1,69.258
Solomon Islands,2021,21.8,8.8,68.89
Solomon Islands,2022,21.2,8.6,70.409
Solomon Islands,2023,20.6,8.3,70.528
Somalia,2014,137.8,41.0,54.442
Somalia,2015,133.6,40.3,55.056
Somalia,2016,129.6,39.5,55.283
Somalia,2017,155.4,39.4,52.19
Somalia,2018,136.0,38.2,54.767
Somalia,2019,118.1,37.3,57.249
Somalia,2020,114.4,36.8,57.095
Somalia,2021,110.9,36.1,55.703
Somalia,2022,142.9,36.1,53.931
Somalia,2023,104.0,34.9,58.816
South Africa,2014,39.6,11.7,63.184
South Africa,2015,38.2,11.6,64.053
South Africa,2016,36.8,11.5,64.749
South Africa,2017,35.8,11.5,65.422
South Africa,2018,34.9,11.5,65.726
South Africa,2019,34.5,11.5,66.071
South Africa,2020,34.1,11.5,65.15
South Africa,2021,34.1,11.5,62.01
South Africa,2022,34.4,11.6,65.454
South Africa,2023,34.7,11.7,66.139
South Sudan,2014,182.3,41.9,45.625
South Sudan,2015,236.6,42.7,39.757
South Sudan,2016,263.9,43.2,36.72
South Sudan,2017,278.2,43.5,35.351
South Sudan,2018,132.4,41.0,51.905
South Sudan,2019,98.7,40.4,58.129
South Sudan,2020,98.7,40.3,57.648
South Sudan,2021,98.7,40.3,57.047
South Sudan,2022,98.7,40.3,57.203
South Sudan,2023,98.7,40.2,57.617
Sri Lanka,2014,9.2,5.6,75.757
Sri Lanka,2015,8.7,5.4,75.99
Sri Lanka,2016,8.3,5.2,76.136
Sri Lanka,2017,7.9,5.1,76.239
Sri Lanka,2018,7.6,4.9,76.485
Sri Lanka,2019,7.2,4.8,76.698
Sri Lanka,2020,6.9,4.6,76.928
Sri Lanka,2021,6.6,4.5,76.278
Sri Lanka,2022,6.4,4.3,77.3
Sri Lanka,2023,6.1,4.1,77.483
St. Lucia,2014,17.5,12.3,72.676
St. Lucia,2015,17.4,12.1,72.932
St. Lucia,2016,17.2,11.8,72.552
St. Lucia,2017,17.0,11.5,72.522
St. Lucia,2018,16.7,11.2,72.655
St. Lucia,2019,16.5,10.9,72.249
St. Lucia,2020,16.3,10.6,72.308
St. Lucia,2021,16.0,10.4,69.119
St. Lucia,2022,15.8,10.2,72.67
St. Lucia,2023,15.5,10.0,72.697
St. Vincent and the Grenadines,2014,17.9,10.4,70.355
St. Vincent and the Grenadines,2015,16.9,9.6,70.463
St. Vincent and the Grenadines,2016,15.9,9.0,70.7
St. Vincent and the Grenadines,2017,14.9,8.3,71.013
St. Vincent and the Grenadines,2018,13.9,7.7,71.017
St. Vincent and the Grenadines,2019,13.1,7.2,70.994
St. Vincent and the Grenadines,2020,12.3,6.7,69.605
St. Vincent and the Grenadines,2021,11.7,6.4,69.132
St. Vincent and the Grenadines,2022,11.1,6.1,71.191
St. Vincent and the Grenadines,2023,10.6,5.8,71.23
Sudan,2014,66.4,29.7,63.99
Sudan,2015,64.5,29.1,64.375
Sudan,2016,62.6,28.5,64.677
Sudan,2017,60.7,28.0,65.146
Sudan,2018,58.9,27.5,65.501
Sudan,2019,57.1,27.0,65.803
Sudan,2020,55.3,26.4,65.124
Sudan,2021,53.6,25.9,64.46
Sudan,2022,51.8,25.4,65.695
Sudan,2023,50.1,24.8,66.331
Suriname,2014,21.1,13.2,70.33
Suriname,2015,20.5,12.9,70.567
Suriname,2016,20.0,12.5,70.979
Suriname,2017,19.5,12.1,71.247
Suriname,2018,19.0,11.7,71.468
Suriname,2019,18.4,11.3,71.773
Suriname,2020,17.8,11.0,72.321
Suriname,2021,17.3,10.6,68.943
Suriname,2022,16.8,10.3,73.254
Suriname,2023,16.2,9.9,73.631
Syrian Arab Republic,2014,35.3,10.6,65.492
Syrian Arab Republic,2015,37.0,10.7,63.265
Syrian Arab Republic,2016,32.2,10.8,65.19
Syrian Arab Republic,2017,33.0,10.9,65.651
Syrian Arab Republic,2018,32.6,11.0,67.371
Syrian Arab Republic,2019,25.0,10.9,70.97
Syrian Arab Republic,2020,22.4,10.7,71.944
Syrian Arab Republic,2021,21.0,10.5,72.418
Syrian Arab Republic,2022,21.1,10.3,72.79
Syrian Arab Republic,2023,20.6,10.0,72.12
Tajikistan,2014,31.2,16.8,69.697
Tajikistan,2015,30.2,16.3,69.665
Tajikistan,2016,29.4,15.8,69.982
Tajikistan,2017,28.8,15.4,70.524
Tajikistan,2018,28.3,14.9,70.737
Tajikistan,2019,28.1,14.4,70.962
Tajikistan,2020,28.0,14.0,68.605
Tajikistan,2021,27.9,13.6,69.594
Tajikistan,2022,27.7,13.1,71.562
Tajikistan,2023,27.3,12.6,71.79
Tanzania,2014,56.7,23.7,63.364
Tanzania,2015,54.8,23.5,63.928
Tanzania,2016,52.5,23.4,64.404
Tanzania,2017,50.2,23.3,64.963
Tanzania,2018,48.0,23.1,65.488
Tanzania,2019,46.0,22.7,66.007
Tanzania,2020,44.2,22.2,66.771
Tanzania,2021,42.2,21.6,66.131
Tanzania,2022,40.5,21.1,66.879
Tanzania,2023,38.9,20.6,66.995
Thailand,2014,12.3,6.8,76.279
Thailand,2015,11.9,6.6,76.563
Thailand,2016,11.5,6.4,76.769
Thailand,2017,11.1,6.2,76.989
Thailand,2018,10.8,6.0,77.19
Thailand,2019,10.4,5.8,77.197
Thailand,2020,10.1,5.7,77.331
Thailand,2021,9.8,5.5,77.606
Thailand,2022,9.5,5.4,75.291
Thailand,2023,9.2,5.2,76.412
Timor-Leste,2014,62.3,25.4,65.027
Timor-Leste,2015,60.6,25.0,65.326
Timor-Leste,2016,59.1,24.7,65.61
Timor-Leste,2017,57.8,24.4,65.898
Timor-Leste,2018,56.6,24.1,66.204
Timor-Leste,2019,55.5,23.8,66.496
Timor-Leste,2020,54.2,23.4,66.919
Timor-Leste,2021,52.8,23.0,66.199
Timor-Leste,2022,51.4,22.6,67.368
Timor-Leste,2023,50.0,22.2,67.689
Togo,2014,78.1,27.4,58.766
Togo,2015,75.6,26.8,59.22
Togo,2016,73.2,26.4,59.669
Togo,2017,70.9,25.9,60.135
Togo,2018,68.6,25.4,60.601
Togo,2019,66.3,24.9,61.055
Togo,2020,64.3,24.5,61.123
Togo,2021,62.2,24.0,61.328
Togo,2022,60.2,23.5,62.29
Togo,2023,58.3,23.1,62.739
Tonga,2014,12.2,5.2,71.721
Tonga,2015,11.9,5.2,71.851
Tonga,2016,11.7,5.1,71.951
Tonga,2017,11.5,5.0,72.066
Tonga,2018,11.2,4.9,72.169
Tonga,2019,11.0,4.8,72.292
Tonga,2020,10.8,4.7,72.379
Tonga,2021,10.5,4.6,72.13
Tonga,2022,10.2,4.5,72.635
Tonga,2023,9.9,4.3,72.895
Tunisia,2014,18.3,12.1,74.784
Tunisia,2015,18.2,12.1,74.875
Tunisia,2016,18.1,12.1,75.007
Tunisia,2017,17.9,11.9,75.177
Tunisia,2018,17.5,11.6,75.37
Tunisia,2019,16.9,11.1,75.599
Tunisia,2020,16.0,10.4,75.004
Tunisia,2021,15.0,9.7,72.893
Tunisia,2022,13.9,9.0,76.05
Tunisia,2023,12.9,8.4,76.508
Turkiye,2014,14.0,6.8,76.452
Turkiye,2015,13.3,6.5,76.539
Turkiye,2016,12.6,6.3,76.595
Turkiye,2017,12.0,6.0,77.037
Turkiye,2018,11.5,5.8,77.454
Turkiye,2019,11.0,5.6,77.737
Turkiye,2020,10.5,5.4,76.525
Turkiye,2021,10.1,5.2,75.722
Turkiye,2022,9.6,5.0,77.591
Turkiye,2023,12.8,4.9,77.156
Turkmenistan,2014,42.5,23.4,69.001
Turkmenistan,2015,42.9,23.7,69.061
Turkmenistan,2016,43.3,24.1,69.142
Turkmenistan,2017,43.7,24.3,69.19
Turkmenistan,2018,43.6,24.4,69.272
Turkmenistan,2019,43.3,24.3,69.405
Turkmenistan,2020,42.6,24.0,68.846
Turkmenistan,2021,41.8,23.6,69.353
Turkmenistan,2022,41.0,23.3,69.913
Turkmenistan,2023,40.0,22.8,70.073
Tuvalu,2014,27.1,12.9,65.278
Tuvalu,2015,26.1,12.3,65.365
Tuvalu,2016,25.2,11.7,65.51
Tuvalu,2017,24.3,11.2,65.683
Tuvalu,2018,23.5,10.7,65.871
Tuvalu,2019,22.7,10.3,66.109
Tuvalu,2020,21.9,10.0,66.357
Tuvalu,2021,21.2,9.6,65.824
Tuvalu,2022,20.5,9.3,66.852
Tuvalu,2023,19.9,9.0,67.105
Uganda,2014,59.1,22.7,63.057
Uganda,2015,55.8,22.0,63.831
Uganda,2016,52.5,21.4,64.494
Uganda,2017,49.8,20.7,65.174
Uganda,2018,47.4,20.2,65.775
Uganda,2019,45.3,19.7,66.354
Uganda,2020,43.5,19.2,66.41
Uganda,2021,41.8,18.7,66.45
Uganda,2022,40.5,18.4,67.675
Uganda,2023,38.8,17.9,68.252
Ukraine,2014,9.8,5.8,71.803
Ukraine,2015,9.4,5.6,72.686
Ukraine,2016,9.1,5.4,73.389
Ukraine,2017,8.9,5.3,73.993
Ukraine,2018,8.7,5.1,73.569
Ukraine,2019,8.5,5.0,73.92
Ukraine,2020,8.4,4.9,73.283
Ukraine,2021,8.2,4.9,71.631
Ukraine,2022,8.5,4.8,72.658
Ukraine,2023,8.1,4.7,73.422
Uruguay,2014,9.3,5.1,77.194
Uruguay,2015,8.9,5.0,77.285
Uruguay,2016,8.5,4.9,77.351
Uruguay,2017,8.1,4.9,77.618
Uruguay,2018,7.7,4.9,77.527
Uruguay,2019,7.4,4.8,77.503
Uruguay,2020,7.1,4.7,78.381
Uruguay,2021,7.0,4.6,75.434
Uruguay,2022,6.8,4.3,76.468
Uruguay,2023,6.7,4.1,78.138
Uzbekistan,2014,21.4,11.8,70.973
Uzbekistan,2015,19.8,11.0,71.33
Uzbekistan,2016,18.5,10.3,71.58
Uzbekistan,2017,17.3,9.7,71.737
Uzbekistan,2018,16.4,9.3,71.999
Uzbekistan,2019,15.6,8.9,72.093
Uzbekistan,2020,15.0,8.5,71.461
Uzbekistan,2021,14.4,8.2,71.681
Uzbekistan,2022,13.8,7.9,72.147
Uzbekistan,2023,13.3,7.6,72.388
Vanuatu,2014,19.0,10.7,70.043
Vanuatu,2015,18.7,10.9,70.163
Vanuatu,2016,18.4,10.9,70.397
Vanuatu,2017,18.2,10.6,70.5
Vanuatu,2018,18.0,10.3,70.626
Vanuatu,2019,17.8,9.9,70.783
Vanuatu,2020,17.7,9.5,70.385
Vanuatu,2021,17.4,9.2,69.952
Vanuatu,2022,17.1,8.9,71.302
Vanuatu,2023,16.8,8.7,71.477
"Venezuela, RB",2014,18.3,11.5,72.837
"Venezuela, RB",2015,19.2,14.6,73.004
"Venezuela, RB",2016,24.3,15.0,72.002
"Venezuela, RB",2017,24.3,15.0,71.903
"Venezuela, RB",2018,24.3,15.0,72.641
"Venezuela, RB",2019,24.3,15.0,72.766
"Venezuela, RB",2020,24.3,15.0,72.369
"Venezuela, RB",2021,24.3,15.0,71.536
"Venezuela, RB",2022,24.3,15.0,72.566
"Venezuela, RB",2023,24.3,15.0,72.514
Viet Nam,2014,22.2,11.3,73.886
Viet Nam,2015,22.0,11.2,73.955
Viet Nam,2016,21.8,11.1,73.984
Viet Nam,2017,21.5,11.0,74.026
Viet Nam,2018,21.4,10.9,74.1
Viet Nam,2019,21.2,10.8,74.211
Viet Nam,2020,21.0,10.7,75.383
Viet Nam,2021,20.7,10.6,74.145
Viet Nam,2022,20.4,10.5,74.502
Viet Nam,2023,20.0,10.3,74.588
"Yemen, Rep.",2014,48.4,24.6,68.003
"Yemen, Rep.",2015,49.0,24.3,66.761
"Yemen, Rep.",2016,47.7,23.9,67.105
"Yemen, Rep.",2017,46.6,23.6,67.12
"Yemen, Rep.",2018,47.0,23.3,65.915
"Yemen, Rep.",2019,45.9,23.0,66.567
"Yemen, Rep.",2020,43.2,22.6,66.435
"Yemen, Rep.",2021,42.4,22.2,66.019
"Yemen, Rep.",2022,40.8,21.8,67.952
"Yemen, Rep.",2023,39.3,21.4,69.295
Zimbabwe,2014,61.8,26.8,58.106
Zimbabwe,2015,59.8,26.3,58.989
Zimbabwe,2016,56.9,25.8,59.76
Zimbabwe,2017,55.0,25.4,60.263
Zimbabwe,2018,52.3,24.9,60.906
Zimbabwe,2019,51.1,24.4,61.06
Zimbabwe,2020,50.1,24.0,61.53
Zimbabwe,2021,47.6,23.4,60.135
Zimbabwe,2022,46.0,22.9,62.36
Zimbabwe,2023,44.2,22.4,62.775
