country,year,primary_enrollment_rate,primary_completion_rate
Afghanistan,2014,109.115516662598,
Afghanistan,2015,106.182418823242,
Afghanistan,2016,106.150283813477,82.9104614257812
Afghanistan,2017,106.129997253418,87.2533264160156
Afghanistan,2018,107.780532836914,88.7355194091797
Afghanistan,2019,110.007507324219,86.1755218505859
Afghanistan,2020,,
Afghanistan,2021,,
Afghanistan,2022,,
Afghanistan,2023,,
Albania,2014,105.770576477051,105.693672180176
Albania,2015,105.688652038574,98.7887878417969
Albania,2016,105.324783325195,99.5973587036133
Albania,2017,105.414970397949,106.449691772461
Albania,2018,104.568023681641,102.894180297852
Albania,2019,102.589538574219,98.717529296875
Albania,2020,100.020973205566,99.2719268798828
Albania,2021,97.1074981689453,97.2184371948242
Albania,2022,96.3712310791016,101.176277160645
Albania,2023,93.7138137817383,95.1351470947266
Algeria,2014,111.686698913574,101.006042480469
Algeria,2015,110.842269897461,98.1254730224609
Algeria,2016,110.688102722168,100.489837646484
Algeria,2017,109.837707519531,102.320610046387
Algeria,2018,108.703483581543,102.68798828125
Algeria,2019,107.775131225586,99.7298889160156
Algeria,2020,110.33056640625,102.240936279297
Algeria,2021,106.995567321777,99.7526779174805
Algeria,2022,108.343933105469,94.7113876342773
Algeria,2023,108.761642456055,99.678840637207
Angola,2014,,
Angola,2015,119.14225769043,
Angola,2016,107.026964874435,
Angola,2017,122.235166180926,
Angola,2018,88.5748689656161,
Angola,2019,,
Angola,2020,,
Angola,2021,88.8339920043945,59.6232604980469
Angola,2022,86.7067961582083,61.0302848815918
Angola,2023,,
Antigua and Barbuda,2014,111.841667175293,119.137672424316
Antigua and Barbuda,2015,109.831062316895,100.388198852539
Antigua and Barbuda,2016,106.868642677458,102.687744140625
Antigua and Barbuda,2017,109.164749145508,107.80876159668
Antigua and Barbuda,2018,112.091682434082,104.444442749023
Antigua and Barbuda,2019,112.122237257555,104.976669311523
Antigua and Barbuda,2020,,
Antigua and Barbuda,2021,,
Antigua and Barbuda,2022,,
Antigua and Barbuda,2023,,
Argentina,2014,113.961883544922,105.392601013184
Argentina,2015,113.778198242188,106.053131103516
Argentina,2016,112.944267272949,106.544448852539
Argentina,2017,111.681457519531,101.581809997559
Argentina,2018,111.545608520508,100.281806945801
Argentina,2019,111.36531829834,100.38289642334
Argentina,2020,110.617813110352,103.837791442871
Argentina,2021,110.156112670898,105.479530334473
Argentina,2022,108.722412109375,103.231628417969
Argentina,2023,,
Armenia,2014,100.915573120117,94.6037063598633
Armenia,2015,102.382690429688,94.2263793945312
Armenia,2016,103.061706542969,105.009422302246
Armenia,2017,101.619812011719,102.763427734375
Armenia,2018,100.061309814453,100.23706817627
Armenia,2019,97.3231430053711,97.2270965576172
Armenia,2020,96.6205673217773,101.986747741699
Armenia,2021,93.8099975585938,100.631843566895
Armenia,2022,92.9023818969727,92.1473693847656
Armenia,2023,93.8079528808594,92.5063171386719
Azerbaijan,2014,106.05989074707,98.1257095336914
Azerbaijan,2015,106.601486206055,103.280212402344
Azerbaijan,2016,106.431739807129,111.301910400391
Azerbaijan,2017,103.294097900391,107.172172546387
Azerbaijan,2018,99.7220993041992,100.219947814941
Azerbaijan,2019,97.9353485107422,100.383338928223
Azerbaijan,2020,98.2360687255859,98.5337295532227
Azerbaijan,2021,97.7304992675781,96.5635528564453
Azerbaijan,2022,99.8082962036133,99.7032775878906
Azerbaijan,2023,101.979698181152,96.2334136962891
Bangladesh,2014,,
Bangladesh,2015,,
Bangladesh,2016,,
Bangladesh,2017,109.125360305532,
Bangladesh,2018,112.427695363555,
Bangladesh,2019,,
Bangladesh,2020,118.429237365723,
Bangladesh,2021,115.448180712787,120.082885742188
Bangladesh,2022,117.659457498739,107.697937011719
Bangladesh,2023,111.595384386687,108.210327148438
Belarus,2014,95.1305313110352,94.2574462890625
Belarus,2015,96.0522003173828,94.0976409912109
Belarus,2016,97.3474578857422,94.376838684082
Belarus,2017,97.40283203125,95.6138229370117
Belarus,2018,96.7058029174805,96.756591796875
Belarus,2019,95.6502075195312,99.1110763549805
Belarus,2020,94.4190673828125,95.6100616455078
Belarus,2021,94.5295486450195,93.5405120849609
Belarus,2022,94.7119674682617,93.2138977050781
Belarus,2023,94.7357864379883,92.6165313720703
Belize,2014,112.721199035645,103.914001464844
Belize,2015,113.607513427734,105.614219665527
Belize,2016,115.647926330566,105.759300231934
Belize,2017,114.81812286377,102.703048706055
Belize,2018,113.662620544434,104.474479675293
Belize,2019,112.805587768555,102.765281677246
Belize,2020,110.308288574219,105.195671081543
Belize,2021,105.283950805664,112.92658996582
Belize,2022,99.9364624023438,105.755889892578
Belize,2023,96.9522933959961,94.3330688476562
Benin,2014,124.522239685059,77.3113479614258
Benin,2015,127.121139526367,78.0327072143555
Benin,2016,125.554527282715,77.419189453125
Benin,2017,121.606216430664,
Benin,2018,117.116798400879,
Benin,2019,112.029891967773,61.7928314208984
Benin,2020,109.148918151855,60.2596817016602
Benin,2021,110.70588684082,70.7910232543945
Benin,2022,113.04891204834,64.5733337402344
Benin,2023,,
Bhutan,2014,104.005027770996,96.3531799316406
Bhutan,2015,102.483356556743,94.7904281616211
Bhutan,2016,100.943069458008,96.6217575073242
Bhutan,2017,99.7384333534538,94.9668121337891
Bhutan,2018,99.2878657487091,84.5854797363281
Bhutan,2019,97.9621638115165,75.7329788208008
Bhutan,2020,103.800831156233,82.713996887207
Bhutan,2021,103.032884208353,90.5886001586914
Bhutan,2022,106.082127409623,78.2863311767578
Bhutan,2023,,
Bolivia,2014,96.2360534667969,91.7140579223633
Bolivia,2015,95.8293914794922,89.5214462280273
Bolivia,2016,96.1937713623047,90.0554275512695
Bolivia,2017,97.0588989257812,91.360710144043
Bolivia,2018,97.7159881591797,94.1732788085938
Bolivia,2019,98.238639831543,90.8282089233398
Bolivia,2020,98.6972885131836,92.1121826171875
Bolivia,2021,98.8565673828125,
Bolivia,2022,99.5986480712891,96.5441131591797
Bolivia,2023,98.9345397949219,96.2025909423828
Bosnia and Herzegovina,2014,89.467658996582,84.5116500854492
Bosnia and Herzegovina,2015,91.1704864501953,91.679443359375
Bosnia and Herzegovina,2016,90.997673034668,90.8496475219727
Bosnia and Herzegovina,2017,91.3840866088867,90.4990997314453
Bosnia and Herzegovina,2018,90.6376724243164,88.4528198242188
Bosnia and Herzegovina,2019,90.1631317138672,91.3700790405273
Bosnia and Herzegovina,2020,88.8544692993164,90.1913833618164
Bosnia and Herzegovina,2021,88.2447814941406,88.8229522705078
Bosnia and Herzegovina,2022,87.8222198486328,87.0107116699219
Bosnia and Herzegovina,2023,87.2372436523438,86.3567733764648
Botswana,2014,97.7604713332212,81.8389892578125
Botswana,2015,97.9927597045898,
Botswana,2016,,
Botswana,2017,,
Botswana,2018,,
Botswana,2019,,
Botswana,2020,,
Botswana,2021,93.7229537963867,
Botswana,2022,96.9256945502565,90.9643859863281
Botswana,2023,,
Brazil,2014,110.316459655762,
Brazil,2015,109.152183532715,
Brazil,2016,108.757843017578,
Brazil,2017,109.80850982666,
Brazil,2018,108.623291015625,
Brazil,2019,107.407470703125,
Brazil,2020,105.498199462891,
Brazil,2021,103.4716796875,
Brazil,2022,103.970321655273,
Brazil,2023,,
Burkina Faso,2014,84.8977890014648,59.9809112548828
Burkina Faso,2015,85.4470291137695,60.7178802490234
Burkina Faso,2016,87.6474685668945,60.3090896606445
Burkina Faso,2017,89.7315216064453,61.645149230957
Burkina Faso,2018,91.7203674316406,62.8463706970215
Burkina Faso,2019,89.9551162719727,61.8211288452148
Burkina Faso,2020,87.8472290039062,62.0456809997559
Burkina Faso,2021,87.1249923706055,63.8423805236816
Burkina Faso,2022,82.3567962646484,58.3837013244629
Burkina Faso,2023,72.3235702514648,51.733829498291
Burundi,2014,125.404472351074,69.089469909668
Burundi,2015,120.036262512207,62.0943412780762
Burundi,2016,116.194183349609,64.0318298339844
Burundi,2017,111.118583679199,63.2770881652832
Burundi,2018,107.725219726562,57.2230911254883
Burundi,2019,104.938018798828,53.330379486084
Burundi,2020,105.158096313477,49.1959190368652
Burundi,2021,,
Burundi,2022,,
Burundi,2023,,
Cabo Verde,2014,104.337059020996,93.9052124023438
Cabo Verde,2015,101.818069458008,94.8530120849609
Cabo Verde,2016,99.7518768310547,89.9007110595703
Cabo Verde,2017,98.2431716918945,83.4914398193359
Cabo Verde,2018,98.6432571411133,81.7538375854492
Cabo Verde,2019,96.9894180297852,93.7569198608398
Cabo Verde,2020,95.9991912841797,85.5104904174805
Cabo Verde,2021,96.402099609375,87.521240234375
Cabo Verde,2022,,
Cabo Verde,2023,,
Cambodia,2014,114.556167602539,93.9857177734375
Cambodia,2015,116.105628967285,92.1525573730469
Cambodia,2016,111.129501342773,89.5325317382812
Cambodia,2017,110.514587402344,88.3689498901367
Cambodia,2018,111.574348449707,88.3711166381836
Cambodia,2019,111.498481750488,91.9802093505859
Cambodia,2020,111.00936126709,94.9092788696289
Cambodia,2021,108.737748740777,94.6577606201172
Cambodia,2022,109.959079096814,90.7002563476562
Cambodia,2023,111.392143004927,89.880615234375
Cameroon,2014,113.995613098145,73.6742401123047
Cameroon,2015,116.56810760498,74.5130615234375
Cameroon,2016,116.083679199219,73.3813705444336
Cameroon,2017,110.145843505859,68.2125701904297
Cameroon,2018,103.173362731934,64.431770324707
Cameroon,2019,105.450630187988,65.4423599243164
Cameroon,2020,107.264663328186,66.4576873779297
Cameroon,2021,108.442749023438,68.7343215942383
Cameroon,2022,110.715507507324,69.4347381591797
Cameroon,2023,112.64232635498,71.0805587768555
Central African Republic,2014,,
Central African Republic,2015,,
Central African Republic,2016,89.8505020141602,36.9948997497559
Central African Republic,2017,110.711418726824,48.7285652160645
Central African Republic,2018,,
Central African Republic,2019,,
Central African Republic,2020,,
Central African Republic,2021,,
Central African Republic,2022,,
Central African Republic,2023,,
Chad,2014,102.347877502441,
Chad,2015,91.56591796875,38.9475402832031
Chad,2016,85.9795227050781,42.0207710266113
Chad,2017,77.2443923950195,37.8997802734375
Chad,2018,87.7207489013672,40.4090385437012
Chad,2019,86.5310592651367,
Chad,2020,,
Chad,2021,89.4220504760742,43.5296287536621
Chad,2022,90.3641204833984,
Chad,2023,91.7743682861328,
Chile,2014,101.930870056152,98.1664199829102
Chile,2015,101.712509155273,97.77294921875
Chile,2016,101.585189819336,98.3978424072266
Chile,2017,101.396278381348,98.1549530029297
Chile,2018,101.538017272949,98.1518325805664
Chile,2019,101.193206787109,97.4453201293945
Chile,2020,99.7043991088867,97.9685821533203
Chile,2021,99.3652267456055,99.2180786132812
Chile,2022,100.192268371582,100.269378662109
Chile,2023,,
Colombia,2014,116.080101013184,102.689872741699
Colombia,2015,115.497077941895,102.409233093262
Colombia,2016,115.443153381348,103.139930725098
Colombia,2017,113.305381774902,106.373252868652
Colombia,2018,111.699180603027,105.578002929688
Colombia,2019,109.355506896973,103.543678283691
Colombia,2020,107.083686828613,99.6276016235352
Colombia,2021,106.488357543945,99.1944732666016
Colombia,2022,104.830467224121,97.1171035766602
Colombia,2023,,
Comoros,2014,110.691101016974,79.4605712890625
Comoros,2015,,
Comoros,2016,,
Comoros,2017,105.645827356268,81.4090423583984
Comoros,2018,106.206189092152,
Comoros,2019,,
Comoros,2020,,
Comoros,2021,85.2560668776885,
Comoros,2022,,
Comoros,2023,94.6890732468269,
"Congo, Rep.",2014,104.563337314932,
"Congo, Rep.",2015,107.361083312405,70.3246002197266
"Congo, Rep.",2016,,
"Congo, Rep.",2017,,
"Congo, Rep.",2018,87.6686172485352,65.1861267089844
"Congo, Rep.",2019,,
"Congo, Rep.",2020,,
"Congo, Rep.",2021,,
"Congo, Rep.",2022,,
"Congo, Rep.",2023,89.0000305175781,71.8326110839844
Costa Rica,2014,108.512069702148,98.5372467041016
Costa Rica,2015,106.731491088867,95.0925064086914
Costa Rica,2016,107.027153015137,94.5781478881836
Costa Rica,2017,106.603530883789,94.1781234741211
Costa Rica,2018,108.677192687988,95.6204299926758
Costa Rica,2019,110.891120910645,96.4939422607422
Costa Rica,2020,109.79963684082,96.7528686523438
Costa Rica,2021,108.852310180664,99.0802307128906
Costa Rica,2022,107.611297607422,100.99577331543
Costa Rica,2023,,
Cote d'Ivoire,2014,82.8493499755859,53.1275405883789
Cote d'Ivoire,2015,85.8923034667969,58.0733604431152
Cote d'Ivoire,2016,90.1342468261719,61.3673782348633
Cote d'Ivoire,2017,91.8170928955078,67.6764907836914
Cote d'Ivoire,2018,92.9018936157227,70.0334701538086
Cote d'Ivoire,2019,93.5452194213867,73.4945068359375
Cote d'Ivoire,2020,94.1609115600586,75.5859832763672
Cote d'Ivoire,2021,92.7193832397461,73.7053680419922
Cote d'Ivoire,2022,94.6489410400391,68.5947036743164
Cote d'Ivoire,2023,101.650497436523,80.2278900146484
Cuba,2014,102.776878356934,95.0668487548828
Cuba,2015,102.812782287598,95.6020126342773
Cuba,2016,102.451210021973,94.9306030273438
Cuba,2017,101.847290039062,95.2266311645508
Cuba,2018,101.155838012695,90.7940368652344
Cuba,2019,100.981201171875,90.4958190917969
Cuba,2020,101.090461730957,94.6259384155273
Cuba,2021,100.468193054199,96.6347579956055
Cuba,2022,99.8729629516602,92.4178771972656
Cuba,2023,98.4062423706055,92.6119079589844
Djibouti,2014,,
Djibouti,2015,,
Djibouti,2016,,
Djibouti,2017,,
Djibouti,2018,,
Djibouti,2019,,
Djibouti,2020,,
Djibouti,2021,,
Djibouti,2022,,
Djibouti,2023,,
Dominica,2014,108.901779174805,103.015556335449
Dominica,2015,102.335998535156,96.6850814819336
Dominica,2016,102.390937805176,101.209297180176
Dominica,2017,101.492537313433,
Dominica,2018,,
Dominica,2019,89.9956130981445,82.91015625
Dominica,2020,91.7111511230469,
Dominica,2021,92.4860687255859,85.6596603393555
Dominica,2022,91.8765411376953,84.4064407348633
Dominica,2023,89.8830871582031,89.2063522338867
Dominican Republic,2014,108.064552307129,95.2857208251953
Dominican Republic,2015,112.013488769531,99.6948928833008
Dominican Republic,2016,110.704879760742,99.4304962158203
Dominican Republic,2017,108.019439697266,96.0952301025391
Dominican Republic,2018,105.8583984375,93.7769317626953
Dominican Republic,2019,112.333610534668,93.9661712646484
Dominican Republic,2020,105.925239562988,97.0056610107422
Dominican Republic,2021,96.8704605102539,87.7265167236328
Dominican Republic,2022,100.492286682129,89.4886322021484
Dominican Republic,2023,94.7164535522461,85.0387496948242
Ecuador,2014,105.968299865723,105.808296203613
Ecuador,2015,101.185890197754,99.2807464599609
Ecuador,2016,99.030403137207,96.7253570556641
Ecuador,2017,98.248161315918,98.938720703125
Ecuador,2018,98.9310989379883,98.3765182495117
Ecuador,2019,98.3505783081055,95.771598815918
Ecuador,2020,98.1471405029297,95.3761825561523
Ecuador,2021,98.2059173583984,93.9406814575195
Ecuador,2022,99.5941925048828,99.4666290283203
Ecuador,2023,97.3006973266602,100.199676513672
"Egypt, Arab Rep.",2014,94.0423736572266,
"Egypt, Arab Rep.",2015,,
"Egypt, Arab Rep.",2016,95.4257583618164,88.0339202880859
"Egypt, Arab Rep.",2017,95.7913284301758,87.4164962768555
"Egypt, Arab Rep.",2018,96.5830383300781,90.6235885620117
"Egypt, Arab Rep.",2019,97.8171081542969,92.8502197265625
"Egypt, Arab Rep.",2020,98.8963928222656,96.5726165771484
"Egypt, Arab Rep.",2021,99.7501068115234,97.4728698730469
"Egypt, Arab Rep.",2022,91.5901794433594,
"Egypt, Arab Rep.",2023,90.3061828613281,
El Salvador,2014,106.597427368164,94.1715774536133
El Salvador,2015,104.58032989502,92.7768096923828
El Salvador,2016,102.411903381348,92.1429214477539
El Salvador,2017,98.935417175293,91.6084136962891
El Salvador,2018,97.4464263916016,89.7590408325195
El Salvador,2019,92.2698364257812,
El Salvador,2020,90.9966583251953,83.1518020629883
El Salvador,2021,89.3974380493164,83.8425521850586
El Salvador,2022,89.3291473388672,79.818000793457
El Salvador,2023,91.0513610839844,80.9585800170898
Equatorial Guinea,2014,,
Equatorial Guinea,2015,52.786979675293,39.0611000061035
Equatorial Guinea,2016,53.5364843965611,
Equatorial Guinea,2017,53.3753839773544,
Equatorial Guinea,2018,51.233453941729,
Equatorial Guinea,2019,51.1990142354467,
Equatorial Guinea,2020,,
Equatorial Guinea,2021,,
Equatorial Guinea,2022,,
Equatorial Guinea,2023,,
Eritrea,2014,77.2526092529297,56.9248275756836
Eritrea,2015,76.3031921386719,57.4330787658691
Eritrea,2016,74.1649969399988,
Eritrea,2017,72.4403762817383,63.7134399414062
Eritrea,2018,72.8195419311523,62.929759979248
Eritrea,2019,72.0364035906047,59.4557113647461
Eritrea,2020,,
Eritrea,2021,,
Eritrea,2022,82.9708480834961,56.6654586791992
Eritrea,2023,,
Eswatini,2014,125.207389831543,86.5009765625
Eswatini,2015,125.180328369141,93.1901626586914
Eswatini,2016,123.177932739258,100.106567382812
Eswatini,2017,121.964256286621,101.585388183594
Eswatini,2018,121.543380737305,101.640510559082
Eswatini,2019,120.863037109375,98.0370101928711
Eswatini,2020,,
Eswatini,2021,,
Eswatini,2022,,
Eswatini,2023,113.53881072998,90.1588668823242
Ethiopia,2014,96.1562440354136,52.5954093933105
Ethiopia,2015,97.1190070122981,52.8494415283203
Ethiopia,2016,,
Ethiopia,2017,104.203673708896,
Ethiopia,2018,,
Ethiopia,2019,,
Ethiopia,2020,114.557322752629,64.0929565429688
Ethiopia,2021,102.679576994027,
Ethiopia,2022,85.5312668839719,62.1418037414551
Ethiopia,2023,84.4721792618562,55.9035835266113
Fiji,2014,96.0214244931621,95.7620697021484
Fiji,2015,98.0992532137034,99.7583694458008
Fiji,2016,98.6499361820699,98.1283721923828
Fiji,2017,100.935420849351,100.914268493652
Fiji,2018,103.447245463436,100.016807556152
Fiji,2019,111.436157226562,102.205642700195
Fiji,2020,108.689758300781,99.6302719116211
Fiji,2021,110.814965251253,112.401176452637
Fiji,2022,108.04511770038,111.730407714844
Fiji,2023,107.648210290828,112.210441589355
Gabon,2014,,
Gabon,2015,,
Gabon,2016,,
Gabon,2017,,
Gabon,2018,,
Gabon,2019,100.589338933297,72.9149398803711
Gabon,2020,,
Gabon,2021,99.9486457966936,82.0206985473633
Gabon,2022,,
Gabon,2023,,
"Gambia, The",2014,76.7958409457882,60.5978355407715
"Gambia, The",2015,79.2050431642833,60.7109489440918
"Gambia, The",2016,80.5158056431401,60.9133911132812
"Gambia, The",2017,83.3724292734222,
"Gambia, The",2018,85.9553346222924,
"Gambia, The",2019,89.3656502823996,68.6075592041016
"Gambia, The",2020,91.4117934346547,71.6708374023438
"Gambia, The",2021,91.206655970329,74.407470703125
"Gambia, The",2022,92.3203884576405,75.2207336425781
"Gambia, The",2023,93.7452503542387,75.556510925293
Georgia,2014,109.708587646484,108.327568054199
Georgia,2015,107.67700958252,107.12882232666
Georgia,2016,104.187187194824,120.578979492188
Georgia,2017,103.245559692383,120.752311706543
Georgia,2018,101.231880187988,102.538223266602
Georgia,2019,101.853393554688,98.4816665649414
Georgia,2020,101.76244354248,95.0958023071289
Georgia,2021,102.966720581055,88.7954330444336
Georgia,2022,104.548118591309,111.292549133301
Georgia,2023,103.337898254395,106.99535369873
Ghana,2014,97.8936254890401,89.2414321899414
Ghana,2015,102.015853363436,93.6741485595703
Ghana,2016,100.415701450692,
Ghana,2017,99.0500717163086,87.8497772216797
Ghana,2018,97.3151168823242,88.0406112670898
Ghana,2019,98.3771896362305,
Ghana,2020,96.8718109130859,
Ghana,2021,97.9046478271484,
Ghana,2022,96.5331573486328,92.0071716308594
Ghana,2023,,
Grenada,2014,103.224533081055,
Grenada,2015,104.216728210449,
Grenada,2016,100.136589050293,96.8553466796875
Grenada,2017,100.133868808568,
Grenada,2018,96.4998173182316,108.858695983887
Grenada,2019,,
Grenada,2020,,
Grenada,2021,83.4003811136989,85.5837554931641
Grenada,2022,,
Grenada,2023,,
Guatemala,2014,105.432632446289,86.1878128051758
Guatemala,2015,104.099853515625,85.149299621582
Guatemala,2016,103.013893127441,81.6419296264648
Guatemala,2017,103.033592224121,81.9770126342773
Guatemala,2018,103.577819824219,81.7480926513672
Guatemala,2019,103.427291870117,80.7314376831055
Guatemala,2020,102.135482788086,81.3348617553711
Guatemala,2021,103.809898376465,88.5031127929688
Guatemala,2022,103.906227111816,87.0075531005859
Guatemala,2023,103.04638671875,86.4279022216797
Guinea,2014,96.1610717773438,64.0024795532227
Guinea,2015,89.7453996477762,62.8346481323242
Guinea,2016,94.3621520996094,62.4415283203125
Guinea,2017,99.8953880683389,55.4486312866211
Guinea,2018,100.920007512738,56.6452713012695
Guinea,2019,98.1418277224069,56.9965400695801
Guinea,2020,101.725708007812,60.7978096008301
Guinea,2021,97.9625584241655,63.183910369873
Guinea,2022,,
Guinea,2023,,
Guinea-Bissau,2014,,
Guinea-Bissau,2015,,
Guinea-Bissau,2016,,
Guinea-Bissau,2017,,
Guinea-Bissau,2018,,
Guinea-Bissau,2019,,
Guinea-Bissau,2020,,
Guinea-Bissau,2021,,
Guinea-Bissau,2022,,
Guinea-Bissau,2023,,
Guyana,2014,91.8280268330104,
Guyana,2015,91.1051605530284,
Guyana,2016,88.9898097294153,
Guyana,2017,,
Guyana,2018,90.1325576748007,
Guyana,2019,89.496909887263,
Guyana,2020,99.12451171875,
Guyana,2021,99.7228698730469,
Guyana,2022,,
Guyana,2023,98.9540328979492,
Haiti,2014,,
Haiti,2015,,
Haiti,2016,,
Haiti,2017,,
Haiti,2018,,
Haiti,2019,,
Haiti,2020,,
Haiti,2021,,
Haiti,2022,,
Haiti,2023,,
Honduras,2014,89.2037887573242,74.9632797241211
Honduras,2015,89.88818359375,
Honduras,2016,89.5983581542969,78.111328125
Honduras,2017,88.3986129760742,79.1250228881836
Honduras,2018,88.743467505188,
Honduras,2019,87.798469543457,76.8376770019531
Honduras,2020,86.3398132324219,77.2245712280273
Honduras,2021,83.9795074462891,72.6858367919922
Honduras,2022,85.8662414550781,69.8964233398438
Honduras,2023,86.5522918701172,75.7510986328125
India,2014,111.584541320801,99.0280990600586
India,2015,112.937843322754,99.9040069580078
India,2016,119.512832641602,99.3136749267578
India,2017,117.868171691895,98.5887145996094
India,2018,101.097955965022,
India,2019,99.5039236144817,96.3093719482422
India,2020,101.291253449929,98.1042175292969
India,2021,102.316123319201,99.0854949951172
India,2022,111.084455603874,
India,2023,112.03123091725,93.4889602661133
Indonesia,2014,110.910578364806,109.713562011719
Indonesia,2015,109.361980599771,109.528511047363
Indonesia,2016,107.16207384874,107.964698791504
Indonesia,2017,105.634232183211,106.196006774902
Indonesia,2018,104.648287253309,104.974113464355
Indonesia,2019,102.597018482181,104.611259460449
Indonesia,2020,102.437991856992,103.142936706543
Indonesia,2021,101.990710635544,103.38159942627
Indonesia,2022,100.64499288828,102.985801696777
Indonesia,2023,100.228106588191,101.923690795898
"Iran, Islamic Rep.",2014,111.849983215332,
"Iran, Islamic Rep.",2015,109.025131225586,100.070320129395
"Iran, Islamic Rep.",2016,107.907333374023,98.347053527832
"Iran, Islamic Rep.",2017,107.295822143555,96.6474380493164
"Iran, Islamic Rep.",2018,,
"Iran, Islamic Rep.",2019,106.081970214844,97.0807571411133
"Iran, Islamic Rep.",2020,104.484008789062,98.0490036010742
"Iran, Islamic Rep.",2021,,
"Iran, Islamic Rep.",2022,,
"Iran, Islamic Rep.",2023,,
Iraq,2014,,
Iraq,2015,,
Iraq,2016,,
Iraq,2017,,
Iraq,2018,,
Iraq,2019,,
Iraq,2020,,
Iraq,2021,,
Iraq,2022,,
Iraq,2023,,
Jamaica,2014,96.3857269287109,94.071418762207
Jamaica,2015,95.2253189086914,90.4028778076172
Jamaica,2016,94.3311004638672,87.9267807006836
Jamaica,2017,94.4400329589844,89.7497329711914
Jamaica,2018,97.2939224243164,85.4087219238281
Jamaica,2019,93.3932723999023,89.7446136474609
Jamaica,2020,89.8730773925781,79.7702407836914
Jamaica,2021,90.6446075439453,
Jamaica,2022,90.7408676147461,
Jamaica,2023,84.4617080688477,79.4754486083984
Jordan,2014,97.6110076904297,94.376838684082
Jordan,2015,,
Jordan,2016,98.4272994995117,94.2947006225586
Jordan,2017,98.558952331543,94.3992614746094
Jordan,2018,98.8939208984375,95.7247161865234
Jordan,2019,98.8603286743164,96.7685928344727
Jordan,2020,98.9605331420898,97.6501312255859
Jordan,2021,98.0017471313477,96.9569396972656
Jordan,2022,98.5412673950195,95.7803573608398
Jordan,2023,98.2994918823242,97.1706466674805
Kazakhstan,2014,100.797012415934,102.490600585938
Kazakhstan,2015,100.501234389469,100.46361541748
Kazakhstan,2016,100.174668299316,99.314811706543
Kazakhstan,2017,100.884271275686,99.6095886230469
Kazakhstan,2018,100.52981239711,101.419227600098
Kazakhstan,2019,101.622047101739,98.4228668212891
Kazakhstan,2020,101.783714223634,100.877517700195
Kazakhstan,2021,100.474796405273,97.0019683837891
Kazakhstan,2022,100.91126377966,103.160285949707
Kazakhstan,2023,100.522765501693,105.610511779785
Kenya,2014,107.898483276367,99.568962097168
Kenya,2015,105.452346801758,102.084579467773
Kenya,2016,104.788917541504,102.726585388184
Kenya,2017,,
Kenya,2018,,
Kenya,2019,78.8391540273879,
Kenya,2020,,
Kenya,2021,,
Kenya,2022,,
Kenya,2023,,
Kiribati,2014,110.187141418457,102.691970825195
Kiribati,2015,104.855712890625,90.0360717773438
Kiribati,2016,106.72061920166,101.17749786377
Kiribati,2017,101.298461914062,
Kiribati,2018,105.808935028578,
Kiribati,2019,104.128310837522,
Kiribati,2020,102.699867248535,95.5595703125
Kiribati,2021,100.464256286621,98.5421676635742
Kiribati,2022,98.4846115112305,102.372993469238
Kiribati,2023,93.3518905639648,103.291381835938
"Korea, Dem. People's Rep.",2014,,
"Korea, Dem. People's Rep.",2015,,
"Korea, Dem. People's Rep.",2016,,
"Korea, Dem. People's Rep.",2017,,
"Korea, Dem. People's Rep.",2018,93.1532287597656,
"Korea, Dem. People's Rep.",2019,,
"Korea, Dem. People's Rep.",2020,,
"Korea, Dem. People's Rep.",2021,,
"Korea, Dem. People's Rep.",2022,,
"Korea, Dem. People's Rep.",2023,,
Kyrgyz Republic,2014,101.615259986954,99.4905700683594
Kyrgyz Republic,2015,101.019119688354,103.972343444824
Kyrgyz Republic,2016,100.429202896692,99.4794387817383
Kyrgyz Republic,2017,101.201463248112,97.3700408935547
Kyrgyz Republic,2018,100.821829500418,98.945068359375
Kyrgyz Republic,2019,99.3771014936944,102.348487854004
Kyrgyz Republic,2020,97.0541207311257,100.922096252441
Kyrgyz Republic,2021,95.4035568620125,96.3200225830078
Kyrgyz Republic,2022,94.1910529601431,94.3923950195312
Kyrgyz Republic,2023,96.1798272207297,92.999641418457
Lao PDR,2014,117.479162085855,100.343330383301
Lao PDR,2015,114.178732773493,101.072700500488
Lao PDR,2016,110.409390880882,99.6043472290039
Lao PDR,2017,107.5012462198,100.821891784668
Lao PDR,2018,104.567616524494,98.2439804077148
Lao PDR,2019,102.567723319927,93.520378112793
Lao PDR,2020,101.18915208055,90.9710693359375
Lao PDR,2021,100.343416891918,90.1808242797852
Lao PDR,2022,97.2226134363857,89.0527038574219
Lao PDR,2023,96.7616404628016,89.957389831543
Lebanon,2014,,
Lebanon,2015,,
Lebanon,2016,,
Lebanon,2017,,
Lebanon,2018,,
Lebanon,2019,,
Lebanon,2020,,
Lebanon,2021,,
Lebanon,2022,,
Lebanon,2023,79.7889785766602,68.2726821899414
Lesotho,2014,110.812823540096,80.4921646118164
Lesotho,2015,108.82159117239,79.3446350097656
Lesotho,2016,108.132832568498,81.1535415649414
Lesotho,2017,109.97262124663,
Lesotho,2018,100.601681516616,
Lesotho,2019,96.0932696538521,82.8508071899414
Lesotho,2020,92.6714097194331,76.1884078979492
Lesotho,2021,90.073345746855,82.8435745239258
Lesotho,2022,88.6117800268315,74.5931243896484
Lesotho,2023,86.3705569704352,71.1334838867188
Liberia,2014,92.6740338678077,58.0902557373047
Liberia,2015,90.1829739124477,
Liberia,2016,84.1511009480743,60.8017692565918
Liberia,2017,79.9273019985662,57.2440147399902
Liberia,2018,,
Liberia,2019,,
Liberia,2020,72.9198522298742,
Liberia,2021,68.0120635177256,58.7495651245117
Liberia,2022,67.2317884233233,58.1735000610352
Liberia,2023,,
Libya,2014,,
Libya,2015,,
Libya,2016,,
Libya,2017,,
Libya,2018,,
Libya,2019,,
Libya,2020,,
Libya,2021,,
Libya,2022,,
Libya,2023,,
Madagascar,2014,141.730607080687,67.4706878662109
Madagascar,2015,142.889144859196,67.60498046875
Madagascar,2016,138.570736054012,66.0451354980469
Madagascar,2017,143.368317316714,64.9911956787109
Madagascar,2018,136.93602734389,63.1228485107422
Madagascar,2019,129.22580991302,60.7599449157715
Madagascar,2020,131.206614086507,59.1633987426758
Madagascar,2021,145.696394232079,63.171989440918
Madagascar,2022,138.19226558666,59.328971862793
Madagascar,2023,135.788053140467,60.4006195068359
Malawi,2014,139.086660817935,76.8393478393555
Malawi,2015,138.30826164904,
Malawi,2016,137.108224647871,35.6434135437012
Malawi,2017,138.961991786345,
Malawi,2018,136.826688640232,
Malawi,2019,139.56596352888,76.2936706542969
Malawi,2020,136.815766207307,
Malawi,2021,127.243449195834,70.4764099121094
Malawi,2022,126.426255960703,73.8953704833984
Malawi,2023,135.428928266602,68.4686279296875
Malaysia,2014,99.8202937985971,100.00846862793
Malaysia,2015,98.8001070697168,99.4893035888672
Malaysia,2016,99.9245975393664,96.0428314208984
Malaysia,2017,100.663315389074,93.7627334594727
Malaysia,2018,100.936721310936,92.4092025756836
Malaysia,2019,101.383613987303,93.6540908813477
Malaysia,2020,101.867428878938,100.255210876465
Malaysia,2021,101.166073779262,101.076362609863
Malaysia,2022,97.7554931318277,95.1098937988281
Malaysia,2023,98.843690256664,98.7665863037109
Maldives,2014,96.8026029307434,94.6606369018555
Maldives,2015,99.0130883285946,93.3539123535156
Maldives,2016,98.1044461393513,97.057243347168
Maldives,2017,96.9436423911881,92.9155807495117
Maldives,2018,96.5892360543105,91.4787826538086
Maldives,2019,97.1278500186886,91.7524185180664
Maldives,2020,97.8304501576986,
Maldives,2021,,
Maldives,2022,95.367258247522,97.1043014526367
Maldives,2023,97.5430868579737,98.4593505859375
Mali,2014,73.4566497802734,50.7712593078613
Mali,2015,72.1444473266602,48.5098495483398
Mali,2016,73.5641021728516,48.5724182128906
Mali,2017,76.4468078613281,46.9308013916016
Mali,2018,72.0947494506836,
Mali,2019,,
Mali,2020,74.6229097090378,
Mali,2021,72.6488857573486,
Mali,2022,,
Mali,2023,74.4169692993164,49.7081604003906
Marshall Islands,2014,,
Marshall Islands,2015,109.857276916504,
Marshall Islands,2016,107.456016540527,98.4056701660156
Marshall Islands,2017,,
Marshall Islands,2018,,
Marshall Islands,2019,106.27294921875,117.966438293457
Marshall Islands,2020,103.001533508301,113.491249084473
Marshall Islands,2021,103.813346862793,109.699996948242
Marshall Islands,2022,105.104331970215,94.9475708007812
Marshall Islands,2023,,
Mauritania,2014,93.5205764770508,66.885986328125
Mauritania,2015,96.381950378418,66.717658996582
Mauritania,2016,88.4654083251953,
Mauritania,2017,87.7418365478516,64.4499816894531
Mauritania,2018,90.3253936767578,69.655891418457
Mauritania,2019,90.7190322875977,66.2812194824219
Mauritania,2020,86.6899032592773,
Mauritania,2021,,
Mauritania,2022,,
Mauritania,2023,111.76927947998,
Mauritius,2014,97.2874984741211,93.2743911743164
Mauritius,2015,97.3207168579102,96.0859909057617
Mauritius,2016,96.7216033935547,94.6057891845703
Mauritius,2017,96.478630065918,91.7583999633789
Mauritius,2018,96.4494018554688,95.7337265014648
Mauritius,2019,95.4230804443359,92.6466064453125
Mauritius,2020,95.0063934326172,92.6865234375
Mauritius,2021,99.8860168457031,94.1515426635742
Mauritius,2022,,
Mauritius,2023,110.911582946777,90.1701736450195
Mexico,2014,108.573143005371,111.539886474609
Mexico,2015,106.963432312012,105.99284362793
Mexico,2016,106.391220092773,104.702178955078
Mexico,2017,105.797607421875,104.324859619141
Mexico,2018,105.188163757324,102.369117736816
Mexico,2019,105.095039367676,102.47265625
Mexico,2020,104.517730712891,102.597717285156
Mexico,2021,103.358810424805,102.820198059082
Mexico,2022,102.004783630371,102.239273071289
Mexico,2023,,
Moldova,2014,107.428909301758,109.125480651855
Moldova,2015,105.72200012207,107.112968444824
Moldova,2016,104.464431762695,106.62077331543
Moldova,2017,103.681900024414,107.240913391113
Moldova,2018,103.337387084961,101.781578063965
Moldova,2019,105.074920654297,102.427383422852
Moldova,2020,106.519981384277,104.137680053711
Moldova,2021,106.778422255742,
Moldova,2022,106.97324544397,
Moldova,2023,,
Mongolia,2014,100.203521728516,
Mongolia,2015,98.0040262800606,99.2064743041992
Mongolia,2016,97.6402176491306,96.7439193725586
Mongolia,2017,96.3200636038389,93.2745208740234
Mongolia,2018,96.7014588979647,97.2026443481445
Mongolia,2019,96.0952445320788,96.7022552490234
Mongolia,2020,95.1245852940768,97.0319900512695
Mongolia,2021,94.985695085763,90.7440338134766
Mongolia,2022,95.5634577935822,95.7875595092773
Mongolia,2023,95.7762310753373,95.2509307861328
Montenegro,2014,,
Montenegro,2015,101.203620910645,99.9322204589844
Montenegro,2016,100.174591064453,97.4612274169922
Montenegro,2017,100.943252563477,97.7640609741211
Montenegro,2018,103.264472961426,100.53662109375
Montenegro,2019,103.651741027832,98.6865615844727
Montenegro,2020,103.846572875977,101.628753662109
Montenegro,2021,104.399673461914,99.2118988037109
Montenegro,2022,105.621368408203,110.560340881348
Montenegro,2023,106.109619140625,106.734153747559
Morocco,2014,108.563468933105,95.4183883666992
Morocco,2015,107.762748718262,95.7169036865234
Morocco,2016,107.984367370605,94.2610397338867
Morocco,2017,109.259231567383,91.4058609008789
Morocco,2018,110.367233276367,91.3554306030273
Morocco,2019,111.516250610352,94.3192291259766
Morocco,2020,112.553207397461,96.9155807495117
Morocco,2021,111.836860656738,100.300598144531
Morocco,2022,114.169990539551,101.028228759766
Morocco,2023,114.473091125488,104.691070556641
Mozambique,2014,113.872619628906,51.2974395751953
Mozambique,2015,114.509567260742,51.8305511474609
Mozambique,2016,113.742340087891,
Mozambique,2017,112.008071899414,49.803840637207
Mozambique,2018,116.089797973633,55.0001602172852
Mozambique,2019,119.065986633301,58.0135307312012
Mozambique,2020,120.161659240723,61.5411491394043
Mozambique,2021,116.944275501792,
Mozambique,2022,121.177581787109,73.4155120849609
Mozambique,2023,120.005161518986,57.5668144226074
Myanmar,2014,113.224067687988,
Myanmar,2015,,
Myanmar,2016,117.938522338867,
Myanmar,2017,120.053680419922,
Myanmar,2018,118.851997375488,103.588432312012
Myanmar,2019,,
Myanmar,2020,,
Myanmar,2021,,
Myanmar,2022,,
Myanmar,2023,,
Namibia,2014,,
Namibia,2015,129.000563185028,
Namibia,2016,130.084174844398,
Namibia,2017,133.525698475318,
Namibia,2018,134.243888085138,100.320167541504
Namibia,2019,135.136432340696,
Namibia,2020,133.689566642952,
Namibia,2021,134.114715714876,
Namibia,2022,133.527472902537,
Namibia,2023,,
Nauru,2014,108.379119873047,112.962959289551
Nauru,2015,98.2410423452769,
Nauru,2016,111.742889404297,120.42552947998
Nauru,2017,,
Nauru,2018,,
Nauru,2019,100.0,102.214019775391
Nauru,2020,96.9712829589844,92.9577484130859
Nauru,2021,,
Nauru,2022,94.9424133300781,
Nauru,2023,100.64102935791,111.384620666504
Nepal,2014,141.936632219033,107.687812805176
Nepal,2015,142.991028418748,110.817993164062
Nepal,2016,143.414505004883,117.185157775879
Nepal,2017,140.821411132812,120.801727294922
Nepal,2018,,
Nepal,2019,136.665664672852,118.210510253906
Nepal,2020,121.186683654785,
Nepal,2021,118.338553732728,100.75732421875
Nepal,2022,118.80395155129,100.819229125977
Nepal,2023,122.984062428683,115.035255432129
Nicaragua,2014,110.615097409159,
Nicaragua,2015,107.672950421615,
Nicaragua,2016,111.59678084396,
Nicaragua,2017,112.852788044593,
Nicaragua,2018,110.157586683851,
Nicaragua,2019,108.948521317655,
Nicaragua,2020,107.901498431305,
Nicaragua,2021,106.951305961302,
Nicaragua,2022,105.435536868371,80.6800308227539
Nicaragua,2023,105.908050537109,
Niger,2014,72.2660064697266,59.7920684814453
Niger,2015,74.5725479125977,70.8624572753906
Niger,2016,76.6502227783203,74.753303527832
Niger,2017,78.1794204711914,65.7938690185547
Niger,2018,70.6374789328629,
Niger,2019,69.7781677246094,65.3655014038086
Niger,2020,73.0442861348308,53.8511238098145
Niger,2021,68.3098602294922,60.9836807250977
Niger,2022,68.331413269043,52.9879188537598
Niger,2023,68.5260162353516,47.896728515625
Nigeria,2014,87.4456405639648,
Nigeria,2015,83.7498270610008,
Nigeria,2016,81.9161682128906,
Nigeria,2017,76.4630992205934,
Nigeria,2018,84.6760635375977,
Nigeria,2019,83.2573913283786,
Nigeria,2020,87.3721008300781,
Nigeria,2021,86.7234268188477,
Nigeria,2022,,
Nigeria,2023,,
North Macedonia,2014,95.9001388549805,95.4361267089844
North Macedonia,2015,96.8858184814453,95.6270065307617
North Macedonia,2016,,
North Macedonia,2017,95.2024078369141,94.154182434082
North Macedonia,2018,95.5603866577148,94.1602630615234
North Macedonia,2019,93.6538467407227,91.1494674682617
North Macedonia,2020,93.4353332519531,90.4080200195312
North Macedonia,2021,93.2624588012695,91.6309280395508
North Macedonia,2022,97.4866561889648,93.4133682250977
North Macedonia,2023,,
Pakistan,2014,74.3189018516843,56.9134712219238
Pakistan,2015,74.8479908789247,
Pakistan,2016,79.8399701958586,57.8369369506836
Pakistan,2017,78.8430583504664,
Pakistan,2018,82.0333064173511,62.0856018066406
Pakistan,2019,83.1845752333307,63.4986953735352
Pakistan,2020,,
Pakistan,2021,84.3684597161784,68.2332153320312
Pakistan,2022,82.6790063159857,68.0974197387695
Pakistan,2023,,
Palau,2014,108.686996459961,98.7341766357422
Palau,2015,,
Palau,2016,,
Palau,2017,,
Palau,2018,,
Palau,2019,,
Palau,2020,101.601066589355,
Palau,2021,104.825736999512,98.4189682006836
Palau,2022,88.271186440678,88.1422958374023
Palau,2023,95.8932238193018,91.1999969482422
Panama,2014,99.1061172485352,97.2036666870117
Panama,2015,96.0123977661133,
Panama,2016,93.1031112670898,
Panama,2017,94.5970306396484,89.8650131225586
Panama,2018,98.6910597076946,92.7628326416016
Panama,2019,93.0783233642578,86.4623336791992
Panama,2020,94.2594528198242,87.0138626098633
Panama,2021,100.735511779785,94.7757720947266
Panama,2022,100.875396728516,92.7683715820312
Panama,2023,94.5526123046875,92.7561187744141
Papua New Guinea,2014,,70.7155838012695
Papua New Guinea,2015,,
Papua New Guinea,2016,103.689979553223,73.6570205688477
Papua New Guinea,2017,,
Papua New Guinea,2018,109.501403808594,
Papua New Guinea,2019,,
Papua New Guinea,2020,,
Papua New Guinea,2021,,
Papua New Guinea,2022,,
Papua New Guinea,2023,,
Paraguay,2014,104.269415889239,98.0202484130859
Paraguay,2015,98.2341810362875,95.6557922363281
Paraguay,2016,98.1175384521484,95.5360717773438
Paraguay,2017,,
Paraguay,2018,,
Paraguay,2019,89.8882085878874,
Paraguay,2020,92.2833709716797,82.9859771728516
Paraguay,2021,92.5459365844727,
Paraguay,2022,93.2309494018555,86.167106628418
Paraguay,2023,92.3777923583984,90.2502899169922
Peru,2014,100.492309570312,99.3495483398438
Peru,2015,99.6933212280273,101.71533203125
Peru,2016,100.117469787598,102.232048034668
Peru,2017,98.0214920043945,92.0803604125977
Peru,2018,99.0328979492188,89.45751953125
Peru,2019,102.486122131348,91.0660781860352
Peru,2020,106.543869018555,
Peru,2021,107.119232177734,102.253257751465
Peru,2022,107.663269042969,102.578369140625
Peru,2023,107.489753723145,104.106643676758
Philippines,2014,109.671516584806,97.591926574707
Philippines,2015,108.664395096777,
Philippines,2016,106.215741316229,
Philippines,2017,103.182550401369,104.436454772949
Philippines,2018,98.0921404522994,110.882186889648
Philippines,2019,95.9793329033507,101.023818969727
Philippines,2020,95.7995145963986,98.1126251220703
Philippines,2021,90.6099091855424,91.1019821166992
Philippines,2022,91.8715546202869,87.9826889038086
Philippines,2023,93.4089524875128,80.7059707641602
Rwanda,2014,138.315811157227,64.2973022460938
Rwanda,2015,137.243194580078,63.1980590820312
Rwanda,2016,140.620025634766,67.745002746582
Rwanda,2017,139.309951782227,76.0721817016602
Rwanda,2018,137.129348754883,84.2233428955078
Rwanda,2019,138.020080566406,95.9773025512695
Rwanda,2020,,
Rwanda,2021,151.063568115234,95.4018173217773
Rwanda,2022,148.752487182617,
Rwanda,2023,151.894821166992,59.3042411804199
Samoa,2014,104.465178273909,98.2911376953125
Samoa,2015,105.461257044923,103.414329528809
Samoa,2016,105.983044791633,106.173355102539
Samoa,2017,105.056752965183,103.978561401367
Samoa,2018,103.6454096001,102.861846923828
Samoa,2019,103.963011889036,104.079582214355
Samoa,2020,102.738689665607,101.838447570801
Samoa,2021,105.441872933607,100.452659606934
Samoa,2022,104.122587299249,103.640686035156
Samoa,2023,102.28813559322,101.342399597168
Senegal,2014,85.126091003418,60.9127883911133
Senegal,2015,84.8736877441406,59.0049781799316
Senegal,2016,83.9003457682441,
Senegal,2017,84.4605302071285,
Senegal,2018,84.3079140292079,
Senegal,2019,83.3581314086914,61.5962104797363
Senegal,2020,84.5763092041016,61.4603805541992
Senegal,2021,82.925407409668,63.5550918579102
Senegal,2022,83.2787017822266,57.2280006408691
Senegal,2023,82.5909576416016,61.2763481140137
Serbia,2014,102.185791015625,102.578323364258
Serbia,2015,102.182189941406,101.916572570801
Serbia,2016,101.108200073242,100.082527160645
Serbia,2017,100.722412109375,100.613647460938
Serbia,2018,100.457550048828,98.266227722168
Serbia,2019,99.6345596313477,98.3631286621094
Serbia,2020,98.0834732055664,98.6887817382812
Serbia,2021,96.8267211914062,98.6582412719727
Serbia,2022,98.8989791870117,97.99755859375
Serbia,2023,,
Seychelles,2014,118.250129699707,120.41667175293
Seychelles,2015,119.941192626953,123.267753601074
Seychelles,2016,126.219169616699,128.523773193359
Seychelles,2017,132.235885620117,140.545806884766
Seychelles,2018,123.720428466797,128.931365966797
Seychelles,2019,119.315872192383,150.456848144531
Seychelles,2020,114.153663635254,127.827499389648
Seychelles,2021,109.626098632812,156.167175292969
Seychelles,2022,97.7654800415039,99.8705520629883
Seychelles,2023,97.1359176635742,94.0462417602539
Sierra Leone,2014,,
Sierra Leone,2015,116.402056183054,59.0543556213379
Sierra Leone,2016,118.640076062745,68.672119140625
Sierra Leone,2017,122.320801312267,69.0544815063477
Sierra Leone,2018,110.481630730415,80.0164184570312
Sierra Leone,2019,140.367702793133,81.6615905761719
Sierra Leone,2020,137.540612931892,85.2825927734375
Sierra Leone,2021,151.72631663505,95.4376373291016
Sierra Leone,2022,156.801918077513,99.4386901855469
Sierra Leone,2023,153.092403249505,96.7547302246094
Solomon Islands,2014,111.330538634528,85.9051971435547
Solomon Islands,2015,111.437063011824,87.4035110473633
Solomon Islands,2016,112.174577264356,87.4194412231445
Solomon Islands,2017,110.800367985281,87.0158081054688
Solomon Islands,2018,105.161940291064,84.8603057861328
Solomon Islands,2019,104.3181021386,84.014030456543
Solomon Islands,2020,95.4454768283646,81.8153915405273
Solomon Islands,2021,,
Solomon Islands,2022,,
Solomon Islands,2023,84.7382423390696,71.5705642700195
Somalia,2014,,
Somalia,2015,,
Somalia,2016,,
Somalia,2017,,
Somalia,2018,,
Somalia,2019,,
Somalia,2020,,
Somalia,2021,8.44797868213786,
Somalia,2022,,
Somalia,2023,21.1983299255371,
South Africa,2014,109.028793334961,
South Africa,2015,111.678253173828,96.1466064453125
South Africa,2016,107.619003295898,94.9845962524414
South Africa,2017,104.854881286621,
South Africa,2018,101.95011138916,96.3931732177734
South Africa,2019,101.256492614746,96.6361312866211
South Africa,2020,99.7352600097656,95.4806594848633
South Africa,2021,98.1153106689453,97.0137481689453
South Africa,2022,96.1027221679688,91.5397796630859
South Africa,2023,,
South Sudan,2014,,
South Sudan,2015,71.6985321044922,20.5547866821289
South Sudan,2016,,
South Sudan,2017,,
South Sudan,2018,,
South Sudan,2019,,
South Sudan,2020,,
South Sudan,2021,81.8614356459445,
South Sudan,2022,,
South Sudan,2023,,
Sri Lanka,2014,97.4337516057892,95.3030700683594
Sri Lanka,2015,97.5291050039874,95.0213775634766
Sri Lanka,2016,97.5314043840293,96.0217666625977
Sri Lanka,2017,97.6488384222062,97.0510177612305
Sri Lanka,2018,97.2796030839923,
Sri Lanka,2019,97.2772077331941,95.8618850708008
Sri Lanka,2020,97.478656149899,96.5811538696289
Sri Lanka,2021,96.8717554685532,98.5569839477539
Sri Lanka,2022,95.9158628635578,96.1759262084961
Sri Lanka,2023,,
St. Lucia,2014,97.4298324584961,98.1069030761719
St. Lucia,2015,95.7481918334961,
St. Lucia,2016,96.4007263183594,93.6021728515625
St. Lucia,2017,96.7399826049805,89.6482772827148
St. Lucia,2018,97.9211578369141,91.5059509277344
St. Lucia,2019,98.7415771484375,92.8542098999023
St. Lucia,2020,99.3261871337891,89.7602615356445
St. Lucia,2021,,
St. Lucia,2022,103.664779663086,103.218170166016
St. Lucia,2023,100.674041748047,89.645393371582
St. Vincent and the Grenadines,2014,114.252893124574,109.726264953613
St. Vincent and the Grenadines,2015,115.011189533482,109.405342102051
St. Vincent and the Grenadines,2016,114.348958333333,112.854438781738
St. Vincent and the Grenadines,2017,113.863636363636,105.46272277832
St. Vincent and the Grenadines,2018,115.231441048035,118.340896606445
St. Vincent and the Grenadines,2019,113.116327777293,113.29923248291
St. Vincent and the Grenadines,2020,113.88986013986,119.080177307129
St. Vincent and the Grenadines,2021,112.825686463725,115.718650817871
St. Vincent and the Grenadines,2022,110.587085886846,
St. Vincent and the Grenadines,2023,109.734752796824,106.982543945312
Sudan,2014,76.3096008300781,61.4608383178711
Sudan,2015,76.1931533813477,63.0447692871094
Sudan,2016,77.6462783813477,64.1716232299805
Sudan,2017,77.0529937744141,66.0720977783203
Sudan,2018,77.7693176269531,66.5688934326172
Sudan,2019,,
Sudan,2020,,
Sudan,2021,,
Sudan,2022,,
Sudan,2023,,
Suriname,2014,106.18824005127,83.1010131835938
Suriname,2015,108.630508422852,83.6139831542969
Suriname,2016,107.401176185279,81.3655090332031
Suriname,2017,104.588272094727,79.2708206176758
Suriname,2018,103.715621948242,79.5246276855469
Suriname,2019,103.424762960227,83.6453323364258
Suriname,2020,104.956443786621,87.8651504516602
Suriname,2021,97.5475700196628,76.8655319213867
Suriname,2022,,
Suriname,2023,65.9849472045898,
Syrian Arab Republic,2014,,
Syrian Arab Republic,2015,,
Syrian Arab Republic,2016,,
Syrian Arab Republic,2017,,
Syrian Arab Republic,2018,,
Syrian Arab Republic,2019,,
Syrian Arab Republic,2020,71.1900863647461,55.6847496032715
Syrian Arab Republic,2021,70.0659790039062,55.7524909973145
Syrian Arab Republic,2022,74.367431640625,58.2687187194824
Syrian Arab Republic,2023,79.6461715698242,61.8590202331543
Tajikistan,2014,90.5261611938477,90.5764007568359
Tajikistan,2015,91.2661666870117,92.2054214477539
Tajikistan,2016,93.0840301513672,89.6321411132812
Tajikistan,2017,95.9131393432617,90.251106262207
Tajikistan,2018,,
Tajikistan,2019,,
Tajikistan,2020,101.094493467105,
Tajikistan,2021,101.199697120407,
Tajikistan,2022,101.345203671337,
Tajikistan,2023,100.620078361885,
Tanzania,2014,85.9815352325255,
Tanzania,2015,83.4221878162221,64.6557388305664
Tanzania,2016,84.0087430214538,60.7533683776855
Tanzania,2017,87.6228279252112,66.670280456543
Tanzania,2018,92.352157760738,66.6259689331055
Tanzania,2019,94.7817458384636,63.5915222167969
Tanzania,2020,95.8801506015427,67.1020278930664
Tanzania,2021,96.1041534334825,72.5664291381836
Tanzania,2022,88.2558784495081,
Tanzania,2023,93.0738198978832,86.2270889282227
Thailand,2014,105.393020629883,
Thailand,2015,105.305847167969,
Thailand,2016,107.05638885498,
Thailand,2017,103.222160780668,98.3369598388672
Thailand,2018,103.213097597504,99.1310119628906
Thailand,2019,104.036198306507,101.062812805176
Thailand,2020,104.676211372097,102.732437133789
Thailand,2021,104.189732317173,103.515068054199
Thailand,2022,105.101107091175,102.401908874512
Thailand,2023,103.489895715589,103.044509887695
Timor-Leste,2014,127.97853981032,96.3889007568359
Timor-Leste,2015,126.818586582375,101.389541625977
Timor-Leste,2016,123.866365972623,97.6331024169922
Timor-Leste,2017,117.957513485472,97.0025329589844
Timor-Leste,2018,113.750440907682,100.597129821777
Timor-Leste,2019,111.470073843762,102.624504089355
Timor-Leste,2020,110.747111094161,100.890953063965
Timor-Leste,2021,124.204884379038,100.903495788574
Timor-Leste,2022,120.849599035731,84.9601745605469
Timor-Leste,2023,123.337974525813,91.4789428710938
Togo,2014,124.292701721191,83.5751419067383
Togo,2015,128.251586914062,
Togo,2016,124.68985748291,93.8200225830078
Togo,2017,123.164161682129,92.5531997680664
Togo,2018,121.91487121582,90.1372222900391
Togo,2019,121.971061706543,86.7020111083984
Togo,2020,123.535186767578,87.4940490722656
Togo,2021,121.075080871582,88.9121932983398
Togo,2022,122.478256225586,89.1407928466797
Togo,2023,120.249328613281,90.6991577148438
Tonga,2014,117.461517317207,
Tonga,2015,117.3600552868,
Tonga,2016,,
Tonga,2017,,
Tonga,2018,116.087775982768,
Tonga,2019,113.312034078807,
Tonga,2020,112.25483743583,101.14722442627
Tonga,2021,107.017315453717,99.0643692016602
Tonga,2022,106.535737282679,101.46573638916
Tonga,2023,102.636942675159,94.9407958984375
Tunisia,2014,105.901481628418,97.0216369628906
Tunisia,2015,106.111831665039,97.2605209350586
Tunisia,2016,106.178161621094,91.1808471679688
Tunisia,2017,106.57202911377,86.9319686889648
Tunisia,2018,106.200668334961,
Tunisia,2019,,
Tunisia,2020,105.254287719727,97.7275619506836
Tunisia,2021,105.039703369141,97.1743621826172
Tunisia,2022,103.912643432617,
Tunisia,2023,103.529930114746,
Turkiye,2014,111.935722351074,99.0791091918945
Turkiye,2015,107.29418182373,98.8300704956055
Turkiye,2016,105.28328704834,134.545608520508
Turkiye,2017,97.4918975830078,92.5956573486328
Turkiye,2018,100.931251525879,91.0360870361328
Turkiye,2019,103.962959289551,96.6259918212891
Turkiye,2020,103.296417236328,100.577331542969
Turkiye,2021,102.596397399902,103.435623168945
Turkiye,2022,102.487701416016,101.500511169434
Turkiye,2023,,
Turkmenistan,2014,,
Turkmenistan,2015,,
Turkmenistan,2016,,
Turkmenistan,2017,,
Turkmenistan,2018,,
Turkmenistan,2019,107.702331542969,
Turkmenistan,2020,109.434928894043,
Turkmenistan,2021,109.880271911621,110.145057678223
Turkmenistan,2022,110.284736633301,107.961219787598
Turkmenistan,2023,,
Tuvalu,2014,108.473281860352,99.0430603027344
Tuvalu,2015,113.155891418457,107.804878234863
Tuvalu,2016,99.4740829467773,101.477828979492
Tuvalu,2017,,
Tuvalu,2018,96.0115966796875,94.2307662963867
Tuvalu,2019,94.2307662963867,89.7674407958984
Tuvalu,2020,94.6327667236328,101.339286804199
Tuvalu,2021,102.40113067627,98.6956481933594
Tuvalu,2022,98.4408187866211,96.9827575683594
Tuvalu,2023,101.92170715332,92.1161804199219
Uganda,2014,112.744294802519,58.9814910888672
Uganda,2015,103.624588012695,53.3201179504395
Uganda,2016,105.913589477539,54.7785606384277
Uganda,2017,105.526321411133,52.9703216552734
Uganda,2018,,
Uganda,2019,,
Uganda,2020,,
Uganda,2021,,
Uganda,2022,,
Uganda,2023,,
Ukraine,2014,95.472038269043,96.2149429321289
Ukraine,2015,87.8509902954102,88.5759582519531
Ukraine,2016,87.4092025756836,86.1604537963867
Ukraine,2017,88.2140884399414,87.5341720581055
Ukraine,2018,88.572883605957,83.9088592529297
Ukraine,2019,90.6809692382812,89.0533981323242
Ukraine,2020,91.1122131347656,89.7577972412109
Ukraine,2021,91.1486968994141,89.2898788452148
Ukraine,2022,92.7711634493634,
Ukraine,2023,,
Uruguay,2014,109.459808349609,100.997627258301
Uruguay,2015,109.24047088623,100.721862792969
Uruguay,2016,108.082290649414,102.392837524414
Uruguay,2017,107.146530151367,97.1667633056641
Uruguay,2018,105.275650024414,101.573883056641
Uruguay,2019,104.354148864746,
Uruguay,2020,105.236610412598,100.927543640137
Uruguay,2021,107.99080657959,100.503540039062
Uruguay,2022,108.822761535645,100.222953796387
Uruguay,2023,,
Uzbekistan,2014,96.7769517984519,96.423583984375
Uzbekistan,2015,96.8469627244173,93.8038864135742
Uzbekistan,2016,97.6622984985898,97.4060821533203
Uzbekistan,2017,98.0486526909282,98.2880020141602
Uzbekistan,2018,98.2866521653154,97.0923080444336
Uzbekistan,2019,98.2569298360836,96.6936569213867
Uzbekistan,2020,98.615310525126,98.7280120849609
Uzbekistan,2021,97.9289255849279,98.480354309082
Uzbekistan,2022,93.9099780290139,98.236946105957
Uzbekistan,2023,93.4888259225367,96.0921936035156
Vanuatu,2014,,
Vanuatu,2015,112.680931091309,
Vanuatu,2016,,
Vanuatu,2017,,
Vanuatu,2018,,
Vanuatu,2019,115.599232375208,95.0884094238281
Vanuatu,2020,115.437370300293,96.65283203125
Vanuatu,2021,113.970764438054,99.2462997436523
Vanuatu,2022,110.520745546126,106.038436889648
Vanuatu,2023,106.528699274803,106.601615905762
"Venezuela, RB",2014,100.504531860352,95.7765121459961
"Venezuela, RB",2015,99.7375183105469,94.9639282226562
"Venezuela, RB",2016,96.8556365966797,92.0160903930664
"Venezuela, RB",2017,94.0880584716797,89.1427536010742
"Venezuela, RB",2018,95.4673912354309,
"Venezuela, RB",2019,,
"Venezuela, RB",2020,,
"Venezuela, RB",2021,,
"Venezuela, RB",2022,,
"Venezuela, RB",2023,108.435699462891,100.83081817627
Viet Nam,2014,105.519124969557,99.0810852050781
Viet Nam,2015,106.820761905382,97.2136001586914
Viet Nam,2016,110.223773811456,100.922218322754
Viet Nam,2017,109.942229864654,
Viet Nam,2018,112.219369315312,109.570877075195
Viet Nam,2019,117.423350297811,
Viet Nam,2020,119.024053535975,
Viet Nam,2021,120.023386080797,
Viet Nam,2022,123.133723768475,115.85425567627
Viet Nam,2023,122.494151916259,
"Yemen, Rep.",2014,,
"Yemen, Rep.",2015,,
"Yemen, Rep.",2016,83.8951034545898,65.5392074584961
"Yemen, Rep.",2017,,
"Yemen, Rep.",2018,,
"Yemen, Rep.",2019,,
"Yemen, Rep.",2020,,
"Yemen, Rep.",2021,,
"Yemen, Rep.",2022,,
"Yemen, Rep.",2023,,
Zimbabwe,2014,102.422207446296,87.2493515014648
Zimbabwe,2015,101.52105049101,90.9795455932617
Zimbabwe,2016,100.031076404742,91.4051666259766
Zimbabwe,2017,98.5451030927835,90.7393112182617
Zimbabwe,2018,97.879271089427,90.7262496948242
Zimbabwe,2019,97.4766143857125,90.2321548461914
Zimbabwe,2020,97.3841623798408,91.8669052124023
Zimbabwe,2021,96.0151477769296,86.0996246337891
Zimbabwe,2022,95.789907037216,86.1169357299805
Zimbabwe,2023,,
