country,year,services_value_pct_gdp,manufacturing_pct_gdp,crop_prod_index,livestock_prod_index
Afghanistan,2014,52.9908650351499,11.477587555803,100.31,104.27
Afghanistan,2015,53.2352934986503,11.4200060049012,95.65,96.68
Afghanistan,2016,59.0232164144095,4.1141966128347,104.04,99.05
Afghanistan,2017,58.3290500097748,3.53042246146676,99.21,100.27
Afghanistan,2018,59.4774229106653,6.16017721650239,94.89,98.64
Afghanistan,2019,55.4728067408306,7.04318108092508,115.78,99.5
Afghanistan,2020,52.5721090890613,7.52811462924912,121.77,97.12
Afghanistan,2021,47.160422387969,8.49315681616916,125.67,96.07
Afghanistan,2022,45.0499087998591,10.1902619598408,121.34,95.4
Afghanistan,2023,46.3743698691993,7.5409168634476,,
Albania,2014,42.6575638095964,5.90710171744016,95.94,98.23
Albania,2015,42.8778647519282,6.2759154301457,99.91,100.24
Albania,2016,43.4481768975831,6.30340554104145,104.15,101.53
Albania,2017,44.5621307131911,6.51640113307682,105.84,100.97
Albania,2018,44.3970282534603,6.70811506475057,106.17,105.5
Albania,2019,45.4534114346696,6.9674858625345,107.67,98.98
Albania,2020,45.7213593039167,7.06941394147026,114.06,94.47
Albania,2021,45.2438461275936,6.91828942030926,114.68,91.79
Albania,2022,46.2094258130071,7.50461748873822,121.68,83.74
Albania,2023,47.957463905334,6.87772568129271,,
Algeria,2014,47.9036022305248,9.87797970942307,94.93,100.61
Algeria,2015,52.1103711658838,7.11001759889613,101.74,97.56
Algeria,2016,52.3939905220294,6.89853876611083,103.33,101.83
Algeria,2017,51.2221393515536,7.33456829401543,104.4,100.15
Algeria,2018,49.4261444653673,7.07738040001596,115.36,96.31
Algeria,2019,50.4800694011749,6.40396994400067,121.01,96.52
Algeria,2020,52.8041887035021,6.28239503315548,120.95,97.06
Algeria,2021,48.4879581553143,8.18955643268695,108.76,97.32
Algeria,2022,42.7851541004335,10.2147981148411,118.19,98.11
Algeria,2023,45.6157814802809,9.29539942964952,,
Angola,2014,46.8139275295854,4.76307157240238,94.0,96.69
Angola,2015,48.6598885686327,5.68514480307257,100.89,99.8
Angola,2016,46.980995527677,6.75268074236392,105.11,103.52
Angola,2017,46.7626248264264,6.58054965735374,104.58,107.46
Angola,2018,43.2069096122475,6.05946923337998,107.34,107.07
Angola,2019,42.123209005715,6.13744698434697,109.43,113.83
Angola,2020,44.3955921450617,7.06304272536463,115.08,113.25
Angola,2021,40.9337415818833,6.54051297580083,116.22,122.72
Angola,2022,41.1747693679878,7.44976869920042,122.45,130.74
Angola,2023,39.7695875379141,7.99098469427688,,
Antigua and Barbuda,2014,73.9444622042654,2.76963661615415,100.77,100.35
Antigua and Barbuda,2015,73.0844247026056,2.80170359243638,101.02,98.46
Antigua and Barbuda,2016,71.1511637447693,2.87573378949907,98.21,101.19
Antigua and Barbuda,2017,70.2893986887414,2.95986351713637,89.69,103.0
Antigua and Barbuda,2018,67.9048534037132,3.00838361795133,85.51,85.52
Antigua and Barbuda,2019,68.4305821629078,3.01174966372836,83.2,77.4
Antigua and Barbuda,2020,67.8301000676913,2.91125092485215,81.44,85.05
Antigua and Barbuda,2021,68.4400819281788,2.77501652896383,81.79,79.48
Antigua and Barbuda,2022,68.4082282185752,2.69042190752282,81.72,111.88
Antigua and Barbuda,2023,69.0617140789051,2.61299721915496,,
Argentina,2014,52.9405434663365,14.7727785491821,94.16,98.29
Argentina,2015,55.8149012843362,14.1815854549835,104.14,103.14
Argentina,2016,56.1222358547004,13.4880259708051,101.71,98.57
Argentina,2017,57.3499373815692,12.8351683415363,106.82,102.98
Argentina,2018,56.3697502721818,14.0601434041581,92.2,108.12
Argentina,2019,55.4388171093669,13.5408390702829,113.14,110.4
Argentina,2020,54.8578674557962,14.5905295089183,106.59,112.8
Argentina,2021,52.8340319497207,15.558416982668,107.19,111.03
Argentina,2022,53.5116407160562,16.3018422823803,107.33,113.91
Argentina,2023,53.1486935707399,16.3174987404154,,
Armenia,2014,47.4130437470384,9.66640553649803,99.12,94.63
Armenia,2015,48.2126693907876,9.20617105938632,110.61,100.33
Armenia,2016,49.9105094267778,10.2846499812967,90.27,105.04
Armenia,2017,50.7652583569469,10.631126108104,87.87,106.9
Armenia,2018,52.6163051198371,11.2719184358436,71.74,102.0
Armenia,2019,53.9731853016919,11.7114918602964,68.53,101.4
Armenia,2020,53.2412027973394,12.344909801717,74.7,101.88
Armenia,2021,53.0783701392799,11.0315905634186,71.89,105.3
Armenia,2022,55.6162023383919,11.4321929622965,73.65,100.02
Armenia,2023,59.4303162694016,10.5577205542053,,
Azerbaijan,2014,34.1869146526,4.70701069744349,92.52,97.07
Azerbaijan,2015,40.6504229496138,4.99080544317764,102.1,99.42
Azerbaijan,2016,39.322666701972,4.93006229189146,105.38,103.52
Azerbaijan,2017,38.1231713246647,4.69946458376577,115.97,104.85
Azerbaijan,2018,35.2831743494981,4.62018678519702,125.24,107.26
Azerbaijan,2019,36.972533524144,5.00352885726078,137.56,112.96
Azerbaijan,2020,42.3542363329985,6.10156507265966,137.81,116.12
Azerbaijan,2021,37.7011733502712,6.41909290668132,142.51,118.46
Azerbaijan,2022,32.0714593346256,5.28338982494195,144.86,121.33
Azerbaijan,2023,39.7647496434616,5.13374656050107,,
Bangladesh,2014,53.6357543166708,16.6127076619157,98.76,94.13
Bangladesh,2015,53.7138319423318,16.7886735625088,100.69,101.1
Bangladesh,2016,51.2078039865767,20.3479480962979,100.55,104.77
Bangladesh,2017,51.383900544644,20.0750615064997,108.47,122.5
Bangladesh,2018,50.890160724185,20.8022959266315,108.0,124.46
Bangladesh,2019,50.8492887427224,21.2079438820896,109.89,123.94
Bangladesh,2020,51.5113093348259,20.5983315908994,111.84,136.86
Bangladesh,2021,51.3015069352743,21.2356729879977,116.46,146.31
Bangladesh,2022,51.0380826788136,21.7648193612213,119.1,153.13
Bangladesh,2023,51.1119129405073,22.3420188692022,,
Belarus,2014,45.6522130319622,21.0875452209979,109.33,95.47
Belarus,2015,47.7416980416264,20.6442989925126,97.86,101.82
Belarus,2016,48.5229965560459,20.1521869635278,92.81,102.72
Belarus,2017,47.6337185881178,21.6291152000696,98.79,104.92
Belarus,2018,47.8104508104582,21.2579004036145,87.82,105.87
Belarus,2019,48.426692673832,21.6399061545096,91.51,106.41
Belarus,2020,49.0118941389573,21.4867940860589,97.89,111.03
Belarus,2021,48.6965100435891,22.7583828492925,89.63,110.96
Belarus,2022,48.2025487635555,23.9940952095839,93.16,109.93
Belarus,2023,48.8055640939767,22.1592520037253,,
Belize,2014,61.9057640593944,7.05717292178183,104.03,95.44
Belize,2015,62.1736850505005,6.96290554250929,102.26,101.47
Belize,2016,61.8404606731542,6.81412373895188,93.71,103.09
Belize,2017,62.5512950624366,6.64519260468605,103.24,105.23
Belize,2018,63.8765943529925,6.19426578000654,95.77,110.14
Belize,2019,64.131390528828,6.18222166394507,93.19,111.94
Belize,2020,61.2820324546589,6.71365983797146,93.39,102.39
Belize,2021,60.9365640040487,6.52331081778935,99.93,108.06
Belize,2022,61.6643833210384,6.54090701514034,98.44,117.39
Belize,2023,62.3848574270016,6.29636271744624,,
Benin,2014,49.528551651517,10.3866281769808,103.67,97.43
Benin,2015,49.2408968968993,10.0356700779199,92.24,100.26
Benin,2016,48.2031996094347,9.93126564010032,104.08,102.32
Benin,2017,48.4009792238265,9.62006825024772,110.4,104.82
Benin,2018,48.8000788401919,9.16246199522064,117.28,106.79
Benin,2019,48.0268213377537,9.86572844000364,124.87,117.99
Benin,2020,47.8973320949726,9.68791310326743,122.58,112.97
Benin,2021,45.8849731676344,9.47976782659619,129.62,130.7
Benin,2022,46.8939149661431,9.82357547560919,128.14,140.91
Benin,2023,47.7222264116164,10.0620868210039,,
Bhutan,2014,43.0401099714327,7.40898619356801,94.86,85.01
Bhutan,2015,43.7448391110349,7.31166063328875,95.71,98.64
Bhutan,2016,43.4015603426375,6.8108295975252,109.43,116.35
Bhutan,2017,43.2393187922464,6.90939675932641,106.26,129.16
Bhutan,2018,45.6144367238745,8.74705665402725,87.99,143.64
Bhutan,2019,49.6273581830858,6.13116669148632,94.68,154.88
Bhutan,2020,49.9816378154438,4.92917106171464,103.39,166.1
Bhutan,2021,50.1791654417428,7.22418278235388,91.44,149.75
Bhutan,2022,51.196794354919,8.72709229133396,68.09,132.29
Bhutan,2023,52.6796281066804,8.04583821803747,,
Bolivia,2014,41.4653506578459,9.73832796276455,96.23,95.82
Bolivia,2015,45.97640028474,10.1911908480799,102.41,100.86
Bolivia,2016,49.8023324477813,10.9842215418371,101.36,103.31
Bolivia,2017,48.7378533993764,10.4935084417134,95.23,110.53
Bolivia,2018,49.0940956880216,10.3431514974203,108.12,111.36
Bolivia,2019,50.7199151225106,10.4895035412124,107.88,112.64
Bolivia,2020,52.8072617475162,10.9578336531105,107.12,112.74
Bolivia,2021,50.5755838935397,10.7268498653904,116.71,116.99
Bolivia,2022,49.6031928895406,10.2850619246358,111.72,120.45
Bolivia,2023,51.0549336352464,10.1857964201067,,
Bosnia and Herzegovina,2014,56.7834626353011,10.940195399639,83.5,99.28
Bosnia and Herzegovina,2015,54.9288363091656,11.1177914654178,98.45,100.61
Bosnia and Herzegovina,2016,54.1748786267221,11.8138265173704,118.05,100.1
Bosnia and Herzegovina,2017,54.4500617824377,12.563982327679,95.06,93.64
Bosnia and Herzegovina,2018,53.7328253653242,12.7319523996539,127.48,90.61
Bosnia and Herzegovina,2019,54.570767166769,12.4800142540652,115.35,85.67
Bosnia and Herzegovina,2020,54.6561661309433,12.6618393297438,129.61,86.23
Bosnia and Herzegovina,2021,53.8615338086611,13.9863011532484,107.92,71.66
Bosnia and Herzegovina,2022,54.5016852800317,14.3713839060415,128.06,83.81
Bosnia and Herzegovina,2023,55.9111191559534,13.2765338620654,,
Botswana,2014,53.0342439684547,7.84878664502911,93.14,100.97
Botswana,2015,56.8759086148366,7.24202388476034,104.08,105.56
Botswana,2016,54.1248911898208,6.50323631121373,102.78,93.47
Botswana,2017,56.9680635291786,6.17360420564063,101.74,91.88
Botswana,2018,58.4362759257556,6.14746152595732,135.06,81.98
Botswana,2019,61.2229282385628,6.09236991211812,115.41,89.08
Botswana,2020,65.9173322787831,5.65905088221744,179.04,83.64
Botswana,2021,60.2496232787326,5.22765482139995,147.63,90.5
Botswana,2022,56.4282614523583,5.38508407327411,138.33,90.32
Botswana,2023,59.1937353860275,5.62433545537306,,
Brazil,2014,61.2509740086137,10.3370973963623,98.65,99.96
Brazil,2015,62.3078671738493,10.5209374571105,102.82,100.23
Brazil,2016,63.2036958324333,10.7864511144495,98.53,99.81
Brazil,2017,63.33867286247,10.7214980093214,109.59,102.87
Brazil,2018,62.6533503532075,10.5284573770078,109.91,104.55
Brazil,2019,63.067849250681,10.3325005328998,112.23,107.03
Brazil,2020,61.4484446407781,10.692931568332,116.58,107.63
Brazil,2021,56.9133841887799,11.9043730112478,115.35,108.55
Brazil,2022,58.0872310744068,13.0740816282273,115.91,112.15
Brazil,2023,59.1789358567535,13.2531636224002,,
Burkina Faso,2014,42.4959291277041,10.9960425440905,99.64,101.32
Burkina Faso,2015,44.0578267356519,11.6602964471487,98.08,101.28
Burkina Faso,2016,43.8058266776224,11.120438157279,102.28,97.39
Burkina Faso,2017,43.9574724350802,10.2588368462682,95.51,99.46
Burkina Faso,2018,43.5508126426667,10.5252036549404,107.71,101.23
Burkina Faso,2019,45.3162521473929,10.4105983913211,116.48,113.56
Burkina Faso,2020,44.9534162457844,10.0313185254464,123.49,92.97
Burkina Faso,2021,45.3590661191773,9.8115542260696,111.24,95.11
Burkina Faso,2022,42.6709143664748,10.9313459407053,122.69,96.49
Burkina Faso,2023,43.6395175133099,10.690704838578,,
Burundi,2014,39.1278229696112,10.1242098337419,101.22,92.59
Burundi,2015,49.3716359599916,8.67655378836353,95.57,98.11
Burundi,2016,47.6730845453259,9.36171645020186,103.21,109.31
Burundi,2017,49.3337056167763,,97.88,127.57
Burundi,2018,49.1149832347859,,116.23,131.14
Burundi,2019,47.8275400006599,,127.71,133.48
Burundi,2020,45.4797099998811,,115.26,117.71
Burundi,2021,44.8054600004096,,118.07,130.35
Burundi,2022,45.3736001011007,,117.72,132.11
Burundi,2023,49.0085334365417,,,
Cabo Verde,2014,67.549886141101,5.18841665051269,100.53,97.23
Cabo Verde,2015,67.1524928863825,4.94193017807392,101.41,99.54
Cabo Verde,2016,69.284837494372,5.10374951041088,98.06,103.23
Cabo Verde,2017,69.6071007918803,4.70095840974587,91.26,81.99
Cabo Verde,2018,67.4290612920901,4.57817868676343,72.04,75.69
Cabo Verde,2019,69.8257387373996,4.81797005885477,70.18,79.99
Cabo Verde,2020,65.9834164849906,5.1850224169666,69.34,85.86
Cabo Verde,2021,68.5396766166644,5.38569912694724,70.52,84.62
Cabo Verde,2022,69.0054495299915,4.75265212921098,66.15,88.65
Cabo Verde,2023,69.6603686921,4.69300584063634,,
Cambodia,2014,41.6886643787156,21.7999725120974,94.78,101.84
Cambodia,2015,42.2063048789912,22.4571002060738,97.45,98.54
Cambodia,2016,41.7636314521345,22.7340356176555,107.77,99.62
Cambodia,2017,41.4183127540152,23.1551231795313,110.25,100.42
Cambodia,2018,40.2202510794724,23.5663927875165,113.63,100.53
Cambodia,2019,39.1377249484506,24.6156471977013,112.94,98.74
Cambodia,2020,39.1436352494164,23.9980719281973,116.1,90.19
Cambodia,2021,36.4869248742341,26.653916852434,131.19,94.16
Cambodia,2022,36.3854761335718,27.1223298665029,130.37,95.81
Cambodia,2023,36.1518032053637,26.3329383959561,,
Cameroon,2014,50.4278201457651,14.5140212331135,96.08,91.08
Cameroon,2015,49.5603216890022,14.3500581853268,101.61,97.71
Cameroon,2016,50.4664605241712,13.8415343692757,102.31,111.21
Cameroon,2017,50.3626877993823,13.7129455296811,102.55,109.63
Cameroon,2018,50.4464488185533,13.6850154316949,106.74,114.75
Cameroon,2019,51.0268734763051,12.8257802062343,106.22,101.23
Cameroon,2020,51.7619207732303,13.1809876103324,108.86,94.41
Cameroon,2021,50.9412872338294,13.2966086416538,106.66,105.76
Cameroon,2022,49.4045983659894,13.3641819102017,108.5,110.47
Cameroon,2023,50.1846684999699,13.4874913854821,,
Central African Republic,2014,42.740209795442,17.4432276090289,93.04,99.85
Central African Republic,2015,43.231643579841,19.744921164342,96.07,99.82
Central African Republic,2016,42.7610872146136,19.4541735859664,110.89,100.33
Central African Republic,2017,42.9438787890876,18.4404200364989,111.84,103.2
Central African Republic,2018,43.0085884398546,18.1315380967628,130.54,102.87
Central African Republic,2019,40.1295759610892,17.7823211129395,153.47,105.76
Central African Republic,2020,39.0027421513241,17.7270265677463,165.58,106.76
Central African Republic,2021,42.4647199982968,18.7145668307096,169.35,108.29
Central African Republic,2022,42.4276300000596,18.3417721525793,173.39,109.89
Central African Republic,2023,40.5107724497781,17.9512378857809,,
Chad,2014,29.1571665027258,,100.74,94.91
Chad,2015,30.5025562206002,,92.45,100.11
Chad,2016,33.3539046432824,,106.81,104.97
Chad,2017,32.4399116473542,,98.37,111.6
Chad,2018,30.7913779429149,,103.38,117.15
Chad,2019,31.0792692848196,,109.83,123.38
Chad,2020,32.1091259774243,,105.9,129.9
Chad,2021,30.7213002298951,,101.49,136.0
Chad,2022,28.3478520444522,,104.38,145.44
Chad,2023,31.2144742504082,,,
Chile,2014,57.1528758804213,9.9204651623778,96.62,99.15
Chile,2015,58.3447093583013,10.3988647875082,101.86,100.46
Chile,2016,58.9826363326027,9.70592487599938,101.52,100.39
Chile,2017,58.2768071532191,9.16084501940209,100.41,96.26
Chile,2018,58.0012686596891,9.60421381916072,112.62,101.8
Chile,2019,58.8831754600692,8.96909548434668,110.32,102.53
Chile,2020,56.3446145785556,8.99628171941755,104.83,106.96
Chile,2021,54.9981243742139,8.53055034005302,107.19,105.72
Chile,2022,55.3720887582081,9.47546946435641,106.37,103.4
Chile,2023,57.6027444991353,9.40633654861343,,
Colombia,2014,54.6340753673796,12.2693186420816,95.23,98.52
Colombia,2015,56.2155458237437,12.4008937581087,100.36,101.26
Colombia,2016,56.8986156229234,12.297778837716,104.41,100.22
Colombia,2017,57.6083331251066,11.4095935667718,96.42,104.93
Colombia,2018,57.6526815895265,11.1518529729467,84.67,69.0
Colombia,2019,58.1364591705438,10.926657535177,110.94,106.81
Colombia,2020,60.1218262723705,10.7275023510948,110.22,107.16
Colombia,2021,58.19295777246,11.1991608490115,108.9,109.69
Colombia,2022,54.908743854001,11.1476678003017,111.63,110.33
Colombia,2023,56.7402222191369,10.8689972370914,,
Comoros,2014,53.7801597228885,,98.72,100.72
Comoros,2015,54.8995438267195,,98.58,99.84
Comoros,2016,54.1737474981062,,102.7,99.44
Comoros,2017,54.1994429016851,,103.12,99.53
Comoros,2018,52.6503579108908,,105.43,96.51
Comoros,2019,51.8874948349763,,105.74,98.41
Comoros,2020,51.4464133421776,,106.46,102.07
Comoros,2021,51.1018001528659,,107.72,96.24
Comoros,2022,51.1982629118977,,107.76,99.79
Comoros,2023,50.578172859493,,,
"Congo, Rep.",2014,31.9010854029803,6.05990720251214,100.98,92.96
"Congo, Rep.",2015,39.1611584474461,8.36764019343637,100.53,107.51
"Congo, Rep.",2016,47.2058789987295,11.4670700612109,98.49,99.54
"Congo, Rep.",2017,41.6484311025105,12.3763983593463,99.12,102.55
"Congo, Rep.",2018,34.7072948885714,9.20702262871982,100.7,103.14
"Congo, Rep.",2019,39.0356482656264,9.56929234054286,100.5,104.38
"Congo, Rep.",2020,49.9693238336694,12.8531970155196,101.45,104.43
"Congo, Rep.",2021,42.6029216790532,,104.78,105.77
"Congo, Rep.",2022,37.3148215907803,,105.92,106.56
"Congo, Rep.",2023,40.4265379027812,,,
Costa Rica,2014,66.3984214218967,12.2879019690169,99.17,100.41
Costa Rica,2015,67.2979590736321,11.6070817091346,97.63,100.4
Costa Rica,2016,67.4552080040798,11.6051648161709,103.2,99.2
Costa Rica,2017,68.3430015553097,11.7340016096492,105.21,102.78
Costa Rica,2018,68.6706106299859,11.9243306403331,105.6,105.76
Costa Rica,2019,69.2049940233636,12.0464449459785,91.12,111.62
Costa Rica,2020,68.2324072884446,12.7908464868859,95.16,111.51
Costa Rica,2021,67.0794161389582,13.7333961364612,97.42,113.15
Costa Rica,2022,67.2830902365962,14.0800611617192,96.09,113.36
Costa Rica,2023,67.9930784437542,13.61878752361,,
Cote d'Ivoire,2014,37.3151438010014,12.2006998127999,94.35,97.83
Cote d'Ivoire,2015,54.1326121734967,11.4305990168412,104.58,98.87
Cote d'Ivoire,2016,54.493573696894,12.5430342990523,101.08,103.3
Cote d'Ivoire,2017,55.7500354113374,11.2836181003932,111.1,107.17
Cote d'Ivoire,2018,55.6186479812729,11.2909843422326,116.99,111.73
Cote d'Ivoire,2019,54.9974768932861,12.3199684287316,121.5,118.59
Cote d'Ivoire,2020,55.5728121351951,12.0519433981248,125.74,121.01
Cote d'Ivoire,2021,54.1000329007516,13.3970815019321,129.93,117.98
Cote d'Ivoire,2022,52.9655573840158,12.8110776060833,133.26,116.93
Cote d'Ivoire,2023,52.7041447353002,13.252991852888,,
Cuba,2014,72.8847539119794,15.0875135296648,97.18,98.02
Cuba,2015,72.7584790113482,14.9087370083367,101.09,95.73
Cuba,2016,72.0484914965052,13.8502063150225,101.73,106.25
Cuba,2017,70.8170778598804,13.500477324227,103.91,105.15
Cuba,2018,70.2144147917226,12.8129080210264,91.8,106.69
Cuba,2019,70.4057717669171,12.4792608549362,93.14,106.71
Cuba,2020,73.5101786835433,11.1969245042934,72.92,82.78
Cuba,2021,74.9616804584002,10.5350539664967,66.07,78.64
Cuba,2022,74.7027687875241,10.7402861822829,65.76,87.4
Cuba,2023,70.0245273424648,13.3079239882471,,
Djibouti,2014,80.3757215180893,2.7748356788478,98.53,104.19
Djibouti,2015,80.2864982413037,2.73555807602599,101.23,77.91
Djibouti,2016,80.6844688233518,2.83557314687334,100.24,117.9
Djibouti,2017,79.2106257072114,3.10152709601158,123.49,127.85
Djibouti,2018,77.5190312641123,3.31583463198092,137.16,129.81
Djibouti,2019,76.9845361801201,3.70296002372685,160.68,128.25
Djibouti,2020,77.268147602583,4.48288266022238,169.14,129.64
Djibouti,2021,75.1140795195897,5.21745786343541,150.47,130.09
Djibouti,2022,76.3885243704718,5.02666091887994,139.41,130.77
Djibouti,2023,76.7470675400174,4.67955281134732,,
Dominica,2014,58.2788057653599,4.96087606547191,98.44,100.43
Dominica,2015,59.9302671188507,4.44435976577881,99.87,99.89
Dominica,2016,58.9928188016829,3.87651723971178,101.69,99.68
Dominica,2017,61.6267602855903,3.5080798916545,99.73,99.6
Dominica,2018,55.0281206890453,3.29135863605815,100.34,99.77
Dominica,2019,55.1894222477723,3.44811727507905,100.29,101.97
Dominica,2020,59.6260896964605,3.16563386198929,100.27,101.64
Dominica,2021,56.5091521587515,3.627965733686,100.63,102.28
Dominica,2022,58.6517027587724,3.95180321827055,100.61,102.31
Dominica,2023,58.3190086172998,3.84183266484659,,
Dominican Republic,2014,60.4426676510354,13.1566722596838,97.53,94.6
Dominican Republic,2015,61.0297558973097,13.1172780500833,98.71,101.17
Dominican Republic,2016,62.0130672048251,12.6815911037548,103.76,104.23
Dominican Republic,2017,62.1317869930781,12.2960770251777,109.76,99.42
Dominican Republic,2018,61.067519765139,12.104241264209,118.35,104.35
Dominican Republic,2019,60.9652850214225,12.1194058859996,120.86,108.69
Dominican Republic,2020,60.0654313134599,12.9525991684305,117.58,102.49
Dominican Republic,2021,57.806877007564,13.6776361690029,119.04,106.86
Dominican Republic,2022,58.3198656685618,13.3680159478342,136.2,111.38
Dominican Republic,2023,59.5911487632596,12.5266639934139,,
Ecuador,2014,52.8341973543552,13.1351000392395,99.16,104.69
Ecuador,2015,57.6066295867738,14.2997317197965,106.98,98.79
Ecuador,2016,58.567451344755,14.5926588381272,93.86,96.52
Ecuador,2017,58.0552249529581,13.9316523803397,98.0,91.75
Ecuador,2018,58.7476436434848,13.3663080349279,94.23,92.27
Ecuador,2019,59.4371120144712,12.6784857740305,96.2,97.12
Ecuador,2020,61.3211703446141,12.9418127421121,97.08,92.76
Ecuador,2021,58.4590001216096,13.0100405607162,104.34,94.55
Ecuador,2022,58.2031787469141,12.8847307909688,100.03,93.93
Ecuador,2023,58.6215899574019,13.2994712368456,,
"Egypt, Arab Rep.",2014,52.320985915493,16.7744460093897,99.07,102.59
"Egypt, Arab Rep.",2015,53.1705429845738,16.6974467040386,101.99,99.65
"Egypt, Arab Rep.",2016,54.4832841219458,16.8413264929505,98.94,97.76
"Egypt, Arab Rep.",2017,53.1699504909872,16.59352061052,100.63,102.48
"Egypt, Arab Rep.",2018,51.6422459388796,16.3508895889589,96.26,98.94
"Egypt, Arab Rep.",2019,50.7617519656898,15.9882989635454,101.22,99.76
"Egypt, Arab Rep.",2020,52.0271088645451,16.3804560673536,101.83,110.92
"Egypt, Arab Rep.",2021,52.4773050081794,15.4852838768741,104.17,122.85
"Egypt, Arab Rep.",2022,51.4288499840612,15.9705322282435,105.25,119.36
"Egypt, Arab Rep.",2023,51.6487720818481,15.0639098410698,,
El Salvador,2014,59.4191153461598,16.0762379572505,101.06,97.53
El Salvador,2015,60.0130385216637,16.3874932588795,93.95,99.39
El Salvador,2016,60.3324813787362,16.2856846412139,104.99,103.08
El Salvador,2017,60.1160806255127,16.0846288450506,107.19,99.58
El Salvador,2018,60.111372226503,15.6878426338878,103.48,98.76
El Salvador,2019,59.9656859790917,15.5586779429741,107.12,96.68
El Salvador,2020,61.4622335450273,14.7404277243583,101.89,93.17
El Salvador,2021,60.1847458642557,15.0693072443269,107.86,94.69
El Salvador,2022,60.4550594726346,13.7685079315672,105.36,98.89
El Salvador,2023,60.761908362808,12.4906879376522,,
Equatorial Guinea,2014,29.01926071002,20.1256330691071,97.57,100.25
Equatorial Guinea,2015,39.1222153520914,17.8446575040216,102.64,105.64
Equatorial Guinea,2016,45.1807218132753,18.5043115557231,99.78,94.1
Equatorial Guinea,2017,40.8999564262649,25.7505953453878,101.97,99.23
Equatorial Guinea,2018,40.4782944837917,25.5701377749619,103.27,90.73
Equatorial Guinea,2019,45.2983496969454,20.8538394751509,105.27,98.49
Equatorial Guinea,2020,51.2909630438292,19.5270653898342,103.98,109.8
Equatorial Guinea,2021,46.9525113861133,20.9306894237757,103.56,99.23
Equatorial Guinea,2022,40.9755396882589,25.393375596966,104.28,86.55
Equatorial Guinea,2023,50.3746976135157,24.6446590317978,,
Eritrea,2014,,,100.72,99.85
Eritrea,2015,,,99.32,99.15
Eritrea,2016,,,99.96,101.0
Eritrea,2017,,,100.67,104.9
Eritrea,2018,,,100.48,105.87
Eritrea,2019,,,100.24,107.23
Eritrea,2020,,,100.42,107.62
Eritrea,2021,,,100.35,108.55
Eritrea,2022,,,100.58,109.34
Eritrea,2023,,,,
Eswatini,2014,49.1766375595425,30.4085916451641,101.71,100.82
Eswatini,2015,49.1957881121571,31.7087430951459,100.11,100.74
Eswatini,2016,50.880708687703,31.0723543606455,98.18,98.43
Eswatini,2017,50.8503423144242,28.6388869174438,102.14,99.22
Eswatini,2018,51.8953318846531,28.1858963877409,104.89,98.97
Eswatini,2019,51.3107226220615,29.3471019684398,106.06,99.45
Eswatini,2020,53.1556471274583,26.4265879715446,105.5,99.95
Eswatini,2021,52.9410187469299,28.1556484360017,105.66,100.3
Eswatini,2022,50.9020588262269,29.550401340214,107.49,100.16
Eswatini,2023,51.6745106177703,29.3962817419273,,
Ethiopia,2014,39.8920084959331,3.99132524576571,95.98,98.82
Ethiopia,2015,39.5457091545031,4.4046191387627,100.99,101.5
Ethiopia,2016,36.7245794030803,5.69139715520615,103.03,99.68
Ethiopia,2017,36.6336554444575,6.18658862115693,106.37,105.88
Ethiopia,2018,36.4097339191287,5.82761794884477,105.88,107.62
Ethiopia,2019,37.1502538865175,5.5943681537753,108.07,115.94
Ethiopia,2020,36.8280723450653,5.30328095327218,116.89,127.05
Ethiopia,2021,36.5357433729545,4.60568847899772,114.29,112.51
Ethiopia,2022,36.5535172712856,4.24106228595515,116.51,116.06
Ethiopia,2023,36.9795925805402,4.47900684001568,,
Fiji,2014,55.5436806354039,10.6541141929421,107.17,108.3
Fiji,2015,55.437236334029,10.4961598730977,107.8,112.4
Fiji,2016,54.535348585053,10.9318101651131,85.03,79.3
Fiji,2017,54.4863657605154,10.4461315492785,97.46,142.51
Fiji,2018,53.9248445799443,10.3875801425299,103.25,146.32
Fiji,2019,54.1340762848737,10.376523185668,109.47,141.6
Fiji,2020,53.1464327075391,11.06470988,115.1,113.29
Fiji,2021,53.2676352446135,11.402735783638,110.62,123.59
Fiji,2022,54.1690559709783,10.0860694346938,125.17,167.44
Fiji,2023,55.1218399571754,9.36178618954153,,
Gabon,2014,32.6789965337499,17.393405866881,99.09,98.81
Gabon,2015,39.0291929804191,16.6870330418249,100.09,100.68
Gabon,2016,41.7428124794395,17.456006771994,100.82,100.52
Gabon,2017,42.6496912552085,17.6224186689537,102.14,101.22
Gabon,2018,41.1181969705571,18.9415576135283,102.92,100.71
Gabon,2019,40.4703782489961,18.8025688304726,104.09,102.77
Gabon,2020,44.8162559682671,18.576470941158,104.02,101.55
Gabon,2021,38.5759625634196,21.6495470772862,105.3,102.67
Gabon,2022,34.1198039221387,20.3293960365998,106.23,104.13
Gabon,2023,36.9371825333989,19.520888657092,,
"Gambia, The",2014,56.4387318873601,6.51178104456846,97.31,99.54
"Gambia, The",2015,51.8897873643178,6.34925434673243,110.52,102.61
"Gambia, The",2016,48.7980343537923,5.58625701329089,92.17,97.85
"Gambia, The",2017,53.4253570663483,4.46929213423085,76.03,91.54
"Gambia, The",2018,54.9037669522881,4.25546144640921,46.9,79.25
"Gambia, The",2019,54.7742280253178,3.78717703681072,56.47,75.58
"Gambia, The",2020,53.9537064155422,2.61338378758132,59.57,72.81
"Gambia, The",2021,53.3931544906643,1.90207190148837,63.04,73.24
"Gambia, The",2022,55.6295443562809,1.4307629121336,70.82,73.35
"Gambia, The",2023,53.6394322590704,1.50785255093146,,
Georgia,2014,61.1488430742072,9.21055324380556,100.78,99.4
Georgia,2015,60.3920073520898,9.23868791246961,101.65,102.78
Georgia,2016,60.7126944436845,7.78368506004979,97.56,97.82
Georgia,2017,58.3264823415578,8.77075350749879,81.82,99.05
Georgia,2018,58.3496101291489,9.05712081808966,103.77,104.74
Georgia,2019,60.0997269034308,8.82563487913767,107.22,103.45
Georgia,2020,57.8886181686718,9.42818092349716,126.5,102.35
Georgia,2021,58.6985908372307,9.91604571503854,126.82,104.5
Georgia,2022,59.0492463628877,9.72325569585506,119.42,105.66
Georgia,2023,62.0559151852007,8.35535490870856,,
Ghana,2014,37.4136837490477,11.0199488260173,99.33,95.85
Ghana,2015,40.515265169488,11.0982995618487,99.62,101.47
Ghana,2016,43.9159268124684,10.8204245904679,101.05,102.68
Ghana,2017,43.4828610342125,10.1522230921101,108.02,106.21
Ghana,2018,43.6785254609153,10.1201333350505,113.29,108.75
Ghana,2019,45.1411499576786,10.1612187308728,119.88,111.45
Ghana,2020,45.1881802776604,10.9530558483938,123.03,115.62
Ghana,2021,45.322010852638,10.8854255442819,131.73,116.02
Ghana,2022,42.7760316675187,11.484432033747,137.06,119.16
Ghana,2023,43.1127691349534,11.1414262588743,,
Grenada,2014,68.276013392712,3.42091148457563,94.36,99.18
Grenada,2015,66.7627566941068,3.41912092484175,104.54,95.98
Grenada,2016,66.932386278402,3.35330009803135,101.1,104.84
Grenada,2017,67.0222251468242,3.08059288992712,92.93,101.51
Grenada,2018,66.0254191815443,3.11659612838496,92.28,120.06
Grenada,2019,66.8649527989476,3.37198335983592,84.68,119.57
Grenada,2020,66.8125556845248,3.1289822199978,81.46,128.56
Grenada,2021,65.2208763804774,3.31380543350618,85.42,137.92
Grenada,2022,64.5221062198987,3.35360321316623,75.86,137.37
Grenada,2023,64.5316121151055,3.55436337519526,,
Guatemala,2014,60.8986001593393,14.0766490170415,96.52,97.09
Guatemala,2015,61.4490101548415,14.3263286020107,101.05,99.75
Guatemala,2016,61.8868434709987,14.1906007099169,102.43,103.16
Guatemala,2017,62.4741239470139,14.1404420864582,94.43,105.96
Guatemala,2018,63.0590416252896,13.9542763714142,97.67,108.78
Guatemala,2019,62.5226050147148,13.8112907260869,95.75,107.49
Guatemala,2020,62.0283265736154,14.1081589463862,97.47,120.56
Guatemala,2021,61.9595468588891,13.9268529835803,99.72,118.58
Guatemala,2022,61.7429064304217,14.0812617546415,100.13,120.25
Guatemala,2023,61.4031901798944,14.0111082816113,,
Guinea,2014,43.3533895682141,11.0824935422383,95.56,95.85
Guinea,2015,45.5062249188801,12.1187356683819,100.14,99.02
Guinea,2016,41.9293096001372,10.9266759656277,104.3,105.13
Guinea,2017,37.9415078481777,10.021586832517,110.06,111.59
Guinea,2018,35.073938251438,12.0732499471316,115.09,114.99
Guinea,2019,35.2028277402344,10.4003589799348,124.24,120.96
Guinea,2020,36.7567524729286,9.56625663157385,136.83,96.91
Guinea,2021,36.1679565508537,11.4227929712381,143.63,102.32
Guinea,2022,37.5197238443532,12.7453563521224,150.02,108.73
Guinea,2023,37.2149809110336,,,
Guinea-Bissau,2014,43.7615995372166,9.34358994488158,93.88,101.87
Guinea-Bissau,2015,45.109885029128,8.85890712355589,101.55,98.88
Guinea-Bissau,2016,45.4263673055603,8.65569406834563,104.57,99.25
Guinea-Bissau,2017,45.08331644315,8.13997490489753,105.68,102.41
Guinea-Bissau,2018,44.9473957355909,11.2138251559825,109.52,98.01
Guinea-Bissau,2019,47.7718762296943,9.7645506103755,115.72,98.97
Guinea-Bissau,2020,47.8928123774253,6.50856727738056,121.08,99.34
Guinea-Bissau,2021,43.9333201326573,6.75118661707986,126.14,100.11
Guinea-Bissau,2022,44.1614191119343,7.06271692434594,127.5,100.94
Guinea-Bissau,2023,45.8698679432817,8.85435962276166,,
Guyana,2014,44.7833250406031,6.04622180080549,93.13,96.84
Guyana,2015,44.1049709941423,5.9391007109179,112.19,100.89
Guyana,2016,44.3019541373503,4.96674325925782,94.67,102.27
Guyana,2017,44.3229868903353,4.78930094706975,105.54,99.96
Guyana,2018,45.9542350111416,4.66840695363972,106.77,123.24
Guyana,2019,44.7132690416221,5.04918288096454,107.89,121.77
Guyana,2020,38.9200329255047,4.24402392446419,109.88,130.87
Guyana,2021,30.8440652167689,3.13504995753371,97.56,139.31
Guyana,2022,19.2698150146768,1.86702615759206,105.61,153.54
Guyana,2023,18.7671863536525,2.25578510381833,,
Haiti,2014,51.8125576630482,16.6212186395581,102.73,97.95
Haiti,2015,52.4407421977879,16.9685346386874,98.69,99.8
Haiti,2016,53.1971109122167,16.3668351199332,98.58,102.25
Haiti,2017,53.5223517763075,16.3846226379273,93.07,100.54
Haiti,2018,53.4912479714213,16.6906371233964,88.06,96.95
Haiti,2019,54.3640695246585,16.7496682778704,77.02,99.39
Haiti,2020,53.9204199080319,17.6377718833833,68.09,99.87
Haiti,2021,51.9073771229787,19.4304241573243,74.27,100.99
Haiti,2022,48.167465368414,23.1287230228211,72.06,102.16
Haiti,2023,47.5486447484926,24.4784149082163,,
Honduras,2014,60.1539431811467,17.2545874850923,91.88,96.02
Honduras,2015,58.8330670461585,17.5431120239302,100.39,100.52
Honduras,2016,58.3803820722578,17.1467725059127,107.73,103.46
Honduras,2017,56.8495021190534,17.1266629002784,119.59,105.01
Honduras,2018,57.338998468411,16.8927082911441,122.09,106.67
Honduras,2019,58.0719777904225,16.5344925692041,119.29,109.17
Honduras,2020,58.9644517176275,16.2334694093705,108.11,105.94
Honduras,2021,58.0294458309237,16.2151646162406,105.87,114.8
Honduras,2022,57.1227381730412,16.219500578367,102.27,117.36
Honduras,2023,57.571815931058,15.2065393498936,,
India,2014,47.8224137556558,15.0655701107589,101.33,94.94
India,2015,47.7837481204463,15.5838545863713,97.64,99.84
India,2016,47.7494012900074,15.1622371332529,101.03,105.22
India,2017,47.6708899682407,15.0182387501718,107.28,111.37
India,2018,48.4315663156522,14.8815306673017,110.84,117.75
India,2019,50.0849578546822,13.4558075633394,112.25,124.44
India,2020,47.9326881092162,14.1204853576923,115.74,128.12
India,2021,47.8472234596709,14.3770288531286,120.63,135.29
India,2022,49.7252249980944,13.1454235512516,123.29,132.52
India,2023,49.5071878364149,13.0186290013323,,
Indonesia,2014,42.2421853142869,21.0751760505565,99.7,94.06
Indonesia,2015,43.3090809246806,20.9857874310206,101.32,99.13
Indonesia,2016,43.6417488094502,20.5229746805052,98.98,106.81
Indonesia,2017,43.6140553296427,20.1600223614347,108.58,159.79
Indonesia,2018,43.4048373057688,19.8631933835963,112.99,166.86
Indonesia,2019,44.220745839176,19.7035390875513,107.87,167.2
Indonesia,2020,44.4134399516292,19.8664218856304,108.22,168.3
Indonesia,2021,42.8228206251521,19.2434077817738,108.64,171.35
Indonesia,2022,41.7909255847112,18.3361771080329,111.41,189.99
Indonesia,2023,42.8793517397051,18.6674164467436,,
"Iran, Islamic Rep.",2014,49.3556902392447,15.5847556165887,98.58,107.02
"Iran, Islamic Rep.",2015,55.1819574554845,13.4507444091979,99.46,97.34
"Iran, Islamic Rep.",2016,52.5223787113108,12.9449949759878,101.96,95.64
"Iran, Islamic Rep.",2017,50.6626622977994,13.75240253733,95.01,96.02
"Iran, Islamic Rep.",2018,48.2711094617136,15.6371173490641,84.62,93.37
"Iran, Islamic Rep.",2019,50.1233752604292,18.0455961757143,92.36,91.66
"Iran, Islamic Rep.",2020,49.19528089213,21.1394869566356,81.94,98.8
"Iran, Islamic Rep.",2021,47.3289770415237,21.215094973435,84.35,102.36
"Iran, Islamic Rep.",2022,44.9581067726135,19.9907724381608,77.41,99.85
"Iran, Islamic Rep.",2023,48.2661081215228,19.4113357476391,,
Iraq,2014,40.1122330492623,1.87706381634762,144.82,111.48
Iraq,2015,51.2496561823717,2.1752084247609,76.18,98.43
Iraq,2016,50.7798718007565,2.25286887717333,79.0,90.1
Iraq,2017,47.0337230035122,2.17439874253532,75.67,91.91
Iraq,2018,44.1911800508283,2.03197771830623,72.82,95.89
Iraq,2019,44.4241091757329,2.13753149649538,127.79,107.4
Iraq,2020,54.8196487805,2.5884272681538,158.63,109.62
Iraq,2021,42.6181068349405,2.47340478053043,127.72,123.89
Iraq,2022,33.1587203052795,2.24623679872033,104.22,112.05
Iraq,2023,43.6679408901657,3.01603625131993,,
Jamaica,2014,63.637141895437,8.1287214565378,100.3,94.93
Jamaica,2015,61.8439009518117,7.95709044591207,97.31,98.27
Jamaica,2016,61.2455599880748,7.67466886241997,102.39,106.8
Jamaica,2017,59.7766256381842,7.70702233479769,99.28,106.86
Jamaica,2018,59.2492000250586,7.67324815723361,102.89,109.11
Jamaica,2019,59.810901364791,7.73845935881404,100.47,109.41
Jamaica,2020,59.7396040932866,7.95270594551504,97.61,104.46
Jamaica,2021,58.223551602805,8.19733248153237,104.45,106.92
Jamaica,2022,58.3284888430595,8.50447249695512,111.66,114.88
Jamaica,2023,60.138911478248,7.95469763859838,,
Jordan,2014,60.0883163094394,18.8479383295667,88.57,99.43
Jordan,2015,60.1407620756871,18.3616206146717,103.93,96.91
Jordan,2016,60.6938974836959,18.0055030429575,107.5,103.65
Jordan,2017,60.3679183488979,17.998121961285,88.05,112.54
Jordan,2018,60.4766455270866,17.6895403755395,90.6,125.87
Jordan,2019,61.2229700766062,17.5673271891158,85.61,128.22
Jordan,2020,61.7764845713797,17.1472019841126,86.8,128.24
Jordan,2021,60.843839640665,16.9034351571687,95.89,133.64
Jordan,2022,60.4423893118368,17.1485868808372,98.36,130.28
Jordan,2023,60.7775742112037,17.2863902259461,,
Kazakhstan,2014,54.8385964696408,10.3182436278483,93.3,96.97
Kazakhstan,2015,59.297627869996,10.2754093827734,98.39,99.99
Kazakhstan,2016,57.857435042574,11.3301396708405,108.31,103.05
Kazakhstan,2017,57.304415099355,11.2801569362864,114.31,107.72
Kazakhstan,2018,55.454732268099,11.4286227484553,117.87,111.49
Kazakhstan,2019,55.5282559332057,11.466364067234,108.65,116.08
Kazakhstan,2020,56.1027808941057,13.0725321801007,117.04,119.55
Kazakhstan,2021,53.9193570155211,13.6087547428034,108.65,123.89
Kazakhstan,2022,52.6439186616041,13.4242966658263,129.35,124.81
Kazakhstan,2023,56.3444686710489,12.2881884103734,,
Kenya,2014,56.9548463607011,10.0650334327975,101.59,103.41
Kenya,2015,56.1313780292221,9.97517981812866,98.27,108.91
Kenya,2016,56.4465087468317,9.32149110147083,100.15,87.68
Kenya,2017,55.8541060679002,8.7391417305051,97.26,78.8
Kenya,2018,56.0189509830887,8.40838529183248,108.89,84.64
Kenya,2019,55.9598629656759,7.90461593672111,108.66,104.51
Kenya,2020,53.9774355183867,7.59983835849882,137.6,104.0
Kenya,2021,55.1214442175046,7.36330136314107,133.91,103.55
Kenya,2022,55.4146210848294,7.74068726212304,116.97,103.71
Kenya,2023,55.4156297989398,7.60392978770129,,
Kiribati,2014,60.4057854650475,5.15857281540726,89.61,98.55
Kiribati,2015,60.125741814742,4.55983697723925,90.19,100.05
Kiribati,2016,60.689938986849,4.90992765264629,120.2,101.41
Kiribati,2017,61.8481019013483,5.17780500545222,120.15,103.54
Kiribati,2018,62.6799735968867,5.47195885056228,107.65,106.06
Kiribati,2019,66.9541704711102,4.97976836945552,92.88,107.54
Kiribati,2020,67.449589715659,5.45844140325266,92.85,109.22
Kiribati,2021,65.2745182641142,5.53521708606703,92.93,110.97
Kiribati,2022,65.6891354007431,4.92312498828536,95.75,112.73
Kiribati,2023,,,,
"Korea, Dem. People's Rep.",2014,,,104.06,98.66
"Korea, Dem. People's Rep.",2015,,,98.36,99.44
"Korea, Dem. People's Rep.",2016,,,97.58,101.89
"Korea, Dem. People's Rep.",2017,,,93.93,101.98
"Korea, Dem. People's Rep.",2018,,,90.72,100.4
"Korea, Dem. People's Rep.",2019,,,102.42,102.45
"Korea, Dem. People's Rep.",2020,,,93.99,96.73
"Korea, Dem. People's Rep.",2021,,,93.76,94.67
"Korea, Dem. People's Rep.",2022,,,92.58,95.4
"Korea, Dem. People's Rep.",2023,,,,
Kyrgyz Republic,2014,50.6119382870719,13.6761967985545,90.44,97.74
Kyrgyz Republic,2015,52.1498322606782,14.0507756985422,103.82,99.9
Kyrgyz Republic,2016,50.1483211681284,15.4342608672285,105.74,102.37
Kyrgyz Republic,2017,49.9324474240762,14.9908280435843,107.3,104.34
Kyrgyz Republic,2018,49.7676969702079,14.2644633092231,109.29,106.67
Kyrgyz Republic,2019,50.3261850794905,13.7214242115474,110.09,109.81
Kyrgyz Republic,2020,50.6891009156643,13.1575269592111,109.04,111.89
Kyrgyz Republic,2021,51.036010149015,11.8062709753271,97.94,112.81
Kyrgyz Republic,2022,51.0155429673593,13.6430601739162,106.82,118.48
Kyrgyz Republic,2023,51.299348443838,12.5615979246174,,
Lao PDR,2014,44.1576786053302,8.42769528413766,90.44,84.49
Lao PDR,2015,44.1689693992427,8.19005219527172,103.79,111.79
Lao PDR,2016,42.4771231213113,7.77156382707168,105.77,103.72
Lao PDR,2017,41.5278261302034,7.48353451889534,97.29,122.06
Lao PDR,2018,41.60838243206,7.45272743973651,99.09,102.79
Lao PDR,2019,41.5143522873285,7.64369194070959,98.73,173.1
Lao PDR,2020,41.0498993391489,7.68478649420094,102.2,169.77
Lao PDR,2021,38.8487055906363,8.69509978976757,104.6,181.18
Lao PDR,2022,40.2787651580097,8.80581309491413,113.65,183.17
Lao PDR,2023,43.9974165114598,9.24787735815749,,
Lebanon,2014,73.7326618919194,7.53256666556356,93.97,98.43
Lebanon,2015,73.8065438599639,8.04853930548165,98.05,100.5
Lebanon,2016,74.20253290968,8.35641017095378,107.98,101.07
Lebanon,2017,75.4187807415965,8.28789155701475,108.32,103.81
Lebanon,2018,76.9908055119369,7.44505027672016,102.29,114.93
Lebanon,2019,79.3126428766445,7.05147171311738,99.58,112.36
Lebanon,2020,87.4214492992388,2.94371948788659,97.95,105.26
Lebanon,2021,94.1483347283905,1.42682987688995,97.15,118.15
Lebanon,2022,88.6220737442903,,97.9,123.11
Lebanon,2023,42.3804623372256,,,
Lesotho,2014,53.0682808394329,12.250538441436,114.24,101.75
Lesotho,2015,51.5336434103419,15.1330287921212,102.87,99.58
Lesotho,2016,53.3450312980122,16.6630766961045,82.89,98.67
Lesotho,2017,54.5137388790934,15.2367098583169,149.5,93.41
Lesotho,2018,52.4296644724323,16.6313078018797,132.65,93.26
Lesotho,2019,52.6027998539373,17.2191325178187,86.25,92.79
Lesotho,2020,51.863700219612,16.3470534214573,87.47,93.89
Lesotho,2021,49.8035050592636,16.5400955216303,119.14,92.6
Lesotho,2022,50.0652656712258,16.2828241793519,107.64,93.82
Lesotho,2023,50.5669279393639,13.9836940594403,,
Liberia,2014,40.7273599259933,,90.47,99.01
Liberia,2015,44.5122901827187,,97.33,100.43
Liberia,2016,46.0395120131722,,112.21,100.56
Liberia,2017,44.2886245963006,,94.53,99.79
Liberia,2018,42.9373526844517,,99.78,99.16
Liberia,2019,41.3512545877187,,106.06,101.47
Liberia,2020,39.8206677108527,,108.58,101.59
Liberia,2021,37.6880542104516,,111.76,103.2
Liberia,2022,37.3426880514025,,115.6,104.05
Liberia,2023,35.0341685649203,,,
Libya,2014,67.8416782304827,4.56529868891668,100.06,100.56
Libya,2015,72.4462059977024,4.14078951865904,98.5,104.98
Libya,2016,77.8397088024993,3.65524337067447,101.44,94.46
Libya,2017,64.0663893322394,2.80678251468398,99.31,95.9
Libya,2018,52.9941083689439,,99.17,108.68
Libya,2019,56.1374562146309,,96.44,110.85
Libya,2020,88.3298040421117,,99.85,114.91
Libya,2021,32.2272169143777,,98.85,118.22
Libya,2022,26.5756015796149,,98.35,120.54
Libya,2023,25.4210834669468,,,
Madagascar,2014,50.8124409881822,9.03893525393852,101.75,97.76
Madagascar,2015,50.7680550591088,8.50771119517862,98.43,100.17
Madagascar,2016,51.0107328908938,10.1953106769595,99.82,102.07
Madagascar,2017,51.0493152393528,9.18815731963744,97.24,101.28
Madagascar,2018,48.7393975825603,9.3695954221963,101.87,94.38
Madagascar,2019,49.803398923588,10.0900513520788,102.83,95.33
Madagascar,2020,50.3929947597023,9.72498440599679,103.99,92.98
Madagascar,2021,49.6063940347162,11.36913071421,105.75,94.44
Madagascar,2022,48.436608567296,12.5755724650848,108.17,94.4
Madagascar,2023,48.4583990467388,12.7979262271596,,
Malawi,2014,52.6198508476428,,105.77,90.62
Malawi,2015,53.2072107130481,,98.75,101.64
Malawi,2016,53.9094692362352,,95.49,107.74
Malawi,2017,53.1222211157681,11.2970614757279,111.86,127.72
Malawi,2018,53.509369127,11.4196722780594,114.83,162.34
Malawi,2019,52.5126504640364,11.5294189563407,121.09,152.58
Malawi,2020,50.3386872937921,12.0584896143033,128.17,176.97
Malawi,2021,49.7686602288935,11.8858408111006,134.07,175.45
Malawi,2022,49.2359417778991,10.7499433718723,135.51,190.08
Malawi,2023,47.5315722384974,9.47620107116374,,
Malaysia,2014,50.1226904594272,22.8739302431305,101.21,94.65
Malaysia,2015,52.0139839408985,22.2932974814824,104.44,100.59
Malaysia,2016,52.5314244518403,21.7969514793711,94.36,104.77
Malaysia,2017,51.8820155184897,21.8461598838126,106.57,102.78
Malaysia,2018,52.9910477853598,21.5281592651946,102.78,100.45
Malaysia,2019,54.1547930455103,21.4089982975331,103.03,97.47
Malaysia,2020,54.7885780566697,22.2320775941863,101.74,102.53
Malaysia,2021,51.651935586827,23.363165635524,97.74,100.39
Malaysia,2022,50.905773608125,23.3311324135913,97.93,99.69
Malaysia,2023,53.4204772904819,23.0173409040289,,
Maldives,2014,75.4050928515842,1.98497323914953,98.07,98.4
Maldives,2015,72.3765842983605,1.92794348282613,99.75,100.39
Maldives,2016,69.9439456672027,2.07833683806784,102.18,101.21
Maldives,2017,69.493056499111,2.18421103604745,101.42,101.2
Maldives,2018,68.4267005423509,2.19273569064963,100.61,100.53
Maldives,2019,71.2654681836775,2.13121452981657,108.02,99.17
Maldives,2020,70.7879972170705,2.6859682263453,108.65,99.41
Maldives,2021,73.1643124176986,2.13594481648086,94.11,99.44
Maldives,2022,73.5674327949918,1.9949813246357,93.7,99.53
Maldives,2023,70.6231179773285,1.97939533093876,,
Mali,2014,40.5267167514301,10.0398469883581,89.18,92.39
Mali,2015,40.0970307151047,8.9191214245065,96.9,100.27
Mali,2016,39.318867039934,8.21316833674848,113.91,107.35
Mali,2017,38.465341607849,8.25970658668328,115.23,109.73
Mali,2018,37.7025904458647,8.40614559340644,125.08,110.96
Mali,2019,37.2907298223604,7.48007971697158,128.69,119.63
Mali,2020,35.2593907469673,7.07214204164212,126.5,131.92
Mali,2021,35.3194466866978,7.80651268521264,126.74,125.88
Mali,2022,35.7394195272272,7.12991771895761,133.12,127.27
Mali,2023,36.186323679705,7.21923940827427,,
Marshall Islands,2014,70.9195698924731,6.13822580645161,83.33,
Marshall Islands,2015,75.7413718018508,3.17131192161132,90.0,
Marshall Islands,2016,71.6852824578791,4.54306243805748,126.67,
Marshall Islands,2017,71.9682732802995,4.13743565746373,126.67,
Marshall Islands,2018,72.5014545454545,3.7115,80.0,
Marshall Islands,2019,69.792314297982,4.92181193645341,90.04,
Marshall Islands,2020,68.8931761786601,3.2258064516129,90.04,
Marshall Islands,2021,64.6393588258015,2.29385863267671,90.04,
Marshall Islands,2022,69.7106550907656,2.57304656669298,90.84,
Marshall Islands,2023,70.4693019668338,2.37689934438874,,
Mauritania,2014,44.3634547026997,7.41409391870427,108.91,95.56
Mauritania,2015,46.4932179805674,7.43834550490809,96.41,101.31
Mauritania,2016,43.8844616566403,6.11114757762785,94.67,103.13
Mauritania,2017,43.9182291052554,6.41366370468545,111.63,101.21
Mauritania,2018,43.4303714104838,6.33751578922103,122.02,102.92
Mauritania,2019,42.835788176362,7.09653030823484,105.19,105.04
Mauritania,2020,38.980438494127,6.68554622970244,116.02,106.43
Mauritania,2021,41.2809978730915,6.08850874065005,140.7,107.69
Mauritania,2022,44.6134039235348,6.6252529930727,145.03,109.19
Mauritania,2023,43.8318427877491,6.48670344146221,,
Mauritius,2014,64.9447609722469,13.5241325736666,103.38,101.71
Mauritius,2015,65.5311021152859,13.008628390064,99.95,99.87
Mauritius,2016,66.1914123586971,12.3830481211742,96.67,98.43
Mauritius,2017,66.5939885082508,11.8394200409846,95.77,101.71
Mauritius,2018,66.9037110511612,11.3249354560671,83.33,104.25
Mauritius,2019,67.4178103056387,10.5200465526803,88.44,108.61
Mauritius,2020,68.0473807794615,10.8163983656884,70.56,100.63
Mauritius,2021,66.9263398404785,11.6982416714877,74.1,103.38
Mauritius,2022,65.8894162906956,11.8276138390078,67.76,119.39
Mauritius,2023,64.9365054000959,11.4768095099339,,
Mexico,2014,60.0782705572122,18.2289217305258,97.86,97.79
Mexico,2015,60.5061359731054,19.8234213874796,97.14,99.87
Mexico,2016,60.0750683831772,19.8687757979342,105.0,102.35
Mexico,2017,59.3653310295953,20.161822415507,110.96,105.15
Mexico,2018,59.2695792163154,20.1893656855785,113.1,108.55
Mexico,2019,59.1556030013244,19.8877542618716,112.3,111.99
Mexico,2020,59.1896498569628,20.1842735778357,111.12,114.87
Mexico,2021,58.3256995168562,20.8358358595519,111.91,117.46
Mexico,2022,58.1544410030534,21.4561212101222,115.12,120.13
Mexico,2023,57.6632257645762,20.2633255601715,,
Moldova,2014,51.5066274945247,10.0691324765555,104.33,93.79
Moldova,2015,53.3342064591852,10.01582216678,87.74,102.03
Moldova,2016,53.7937240113846,10.0336311861214,107.93,104.17
Moldova,2017,53.1080578877536,9.97007323439153,121.19,94.88
Moldova,2018,53.9337913876541,10.0691978482836,128.96,92.1
Moldova,2019,54.6779595310298,9.89433050808773,126.53,87.99
Moldova,2020,54.0947225317709,10.1066643472715,79.73,87.79
Moldova,2021,54.641640960384,9.63995995697745,135.27,75.83
Moldova,2022,58.8893896635498,9.25131924589376,93.04,76.21
Moldova,2023,61.5158191372832,8.35312426316661,,
Mongolia,2014,45.8242152655518,8.77729309296388,120.19,80.7
Mongolia,2015,46.1686156086131,7.01550583710279,72.32,114.07
Mongolia,2016,45.8755640343065,6.66750559995597,107.49,105.23
Mongolia,2017,42.3762941537368,6.89823821479702,68.58,110.7
Mongolia,2018,39.7977094219083,7.05321710338318,106.52,127.39
Mongolia,2019,39.7406192297241,7.06955554689873,109.78,132.36
Mongolia,2020,40.4904557964325,7.75616468509037,116.38,171.6
Mongolia,2021,39.6449079170954,7.10918210222536,138.19,124.81
Mongolia,2022,40.9763284189556,7.11716459497276,122.9,159.36
Mongolia,2023,41.0433684122384,6.29808745235684,,
Montenegro,2014,58.5542415358125,3.88001811492567,87.34,98.65
Montenegro,2015,60.2777607516407,4.08869912042976,101.61,95.51
Montenegro,2016,59.5984635114312,3.73553662159151,111.05,105.84
Montenegro,2017,60.1290365800584,3.84720863084778,100.94,95.75
Montenegro,2018,59.1700209944822,3.98361186584976,104.35,100.64
Montenegro,2019,58.7244635474013,3.71806750416152,92.76,103.25
Montenegro,2020,57.9960401887158,4.11035292110744,94.2,108.61
Montenegro,2021,59.8617872921643,3.85290677352458,96.94,104.19
Montenegro,2022,61.5085403184123,3.90729737823214,89.55,107.95
Montenegro,2023,62.2377888496133,3.17626692457868,,
Morocco,2014,54.7549862499925,15.3452879513188,101.96,95.99
Morocco,2015,52.2029571874719,14.984152955286,110.39,103.11
Morocco,2016,53.3932404781727,14.7595291382492,87.66,100.9
Morocco,2017,53.0987601129781,14.5941970328011,107.35,110.9
Morocco,2018,53.070813570865,14.8703562557049,117.05,112.99
Morocco,2019,53.4781212999139,14.7633235363387,108.12,115.95
Morocco,2020,53.1903022793513,15.177396164956,93.14,112.63
Morocco,2021,51.7882000339975,15.2356757950841,118.58,112.1
Morocco,2022,54.6300123707497,15.6825181615533,106.83,104.6
Morocco,2023,54.2776955468177,14.4912591450622,,
Mozambique,2014,47.4439817727919,8.22056509258821,102.31,108.9
Mozambique,2015,46.6230720271826,8.30864034953938,95.65,94.31
Mozambique,2016,44.7281700621036,8.1178325868925,102.04,96.78
Mozambique,2017,40.5397924322416,7.81988703506551,115.68,113.14
Mozambique,2018,39.3943049006571,8.61313111852956,135.99,122.81
Mozambique,2019,40.4529777243247,8.72772955303203,144.9,111.27
Mozambique,2020,40.4876511190227,8.33878131161498,139.32,117.43
Mozambique,2021,39.034021346609,8.06496004743725,151.17,132.86
Mozambique,2022,39.3250878300015,8.13831713151489,157.47,153.35
Mozambique,2023,40.8231147574402,7.11539721208435,,
Myanmar,2014,37.6804826288063,19.9307583033707,99.86,93.58
Myanmar,2015,38.7594000921142,20.8081418827878,100.9,101.25
Myanmar,2016,39.5618722429461,22.7953506749618,99.24,105.18
Myanmar,2017,39.7949507833698,24.0940353438783,97.07,108.0
Myanmar,2018,40.960932093708,24.9118739981676,100.45,30.06
Myanmar,2019,40.7452311327275,25.3200721248355,98.16,32.46
Myanmar,2020,40.0374319115209,25.4520380861397,96.55,35.36
Myanmar,2021,39.9038198496963,25.6374529176866,98.9,35.48
Myanmar,2022,39.4185141578482,25.559555440961,94.24,35.52
Myanmar,2023,39.6848437771931,21.865424267653,,
Namibia,2014,57.7023463281603,9.90856529052312,100.72,103.37
Namibia,2015,57.9429326539944,11.4171848223968,103.3,97.78
Namibia,2016,57.7470985015528,11.6787885338894,95.98,98.85
Namibia,2017,58.6183280617479,12.2200432439665,108.31,102.95
Namibia,2018,57.8454369766385,12.2988345926351,111.76,96.43
Namibia,2019,58.4304525510312,12.4623985360334,99.04,94.46
Namibia,2020,58.7746205569356,11.0196431958005,116.68,84.15
Namibia,2021,57.8264516685608,10.7769295016123,116.61,84.32
Namibia,2022,55.410449825497,11.1588551399925,116.27,91.27
Namibia,2023,53.2928482252788,11.0567815194826,,
Nauru,2014,,,99.16,99.66
Nauru,2015,,,100.02,99.76
Nauru,2016,,,100.82,100.58
Nauru,2017,,,102.06,90.65
Nauru,2018,,,103.09,87.99
Nauru,2019,,,102.23,89.47
Nauru,2020,,,102.51,89.29
Nauru,2021,,,102.59,89.15
Nauru,2022,,,102.69,89.43
Nauru,2023,,,,
Nepal,2014,49.5640197511958,5.61219116107175,98.0,96.67
Nepal,2015,50.5398969857639,5.35605555714499,96.32,98.1
Nepal,2016,51.5980440878133,4.88818962712504,105.67,105.23
Nepal,2017,51.8497822876255,4.85567399451397,104.94,108.73
Nepal,2018,51.5904434655837,4.90647453993316,108.15,115.59
Nepal,2019,52.0227162612175,4.98144138900729,111.28,120.38
Nepal,2020,53.9388467411715,4.47485439214126,113.73,142.46
Nepal,2021,51.537232774772,4.76603766540233,112.82,142.15
Nepal,2022,52.4250544391455,4.8320719144747,116.66,144.45
Nepal,2023,55.3711684726242,4.54032315308822,,
Nicaragua,2014,48.5497818405039,14.7329134994098,95.92,98.88
Nicaragua,2015,48.5741100477068,14.1979344513185,97.11,97.03
Nicaragua,2016,49.4649749753047,14.1447505442673,106.97,104.09
Nicaragua,2017,50.2780347158336,13.6425294956269,114.06,117.54
Nicaragua,2018,51.0117529210468,13.8457452349018,117.1,115.7
Nicaragua,2019,50.4678293597465,14.0393617197961,118.24,119.53
Nicaragua,2020,48.6126906364813,13.9699507732977,123.28,123.81
Nicaragua,2021,46.1739508361433,14.5299788631477,127.55,129.99
Nicaragua,2022,46.3607342274576,14.4444502660373,130.79,125.96
Nicaragua,2023,46.4982498786618,14.4331262876028,,
Niger,2014,37.0689591319954,8.48320463944569,90.03,89.48
Niger,2015,38.5305288045027,7.62575595401117,100.23,104.17
Niger,2016,38.2723746369935,7.47340656858405,109.74,106.35
Niger,2017,37.8150324557852,7.56778659061747,110.28,111.01
Niger,2018,36.7622863840327,7.38236840772547,121.82,113.52
Niger,2019,36.5404927725689,7.34627879325586,120.12,115.55
Niger,2020,36.0929205690664,7.38998839041674,130.08,122.56
Niger,2021,37.0537198540635,7.63945330549349,103.52,119.28
Niger,2022,34.4696656054614,6.9938602495652,137.93,115.39
Niger,2023,46.512254009267,,,
Nigeria,2014,54.1531280154165,9.63581160269249,95.08,99.84
Nigeria,2015,58.1222219182291,9.42843732193195,97.29,101.97
Nigeria,2016,59.7850976800938,8.67969778226601,107.64,98.18
Nigeria,2017,55.8046968877557,8.74199349233524,109.74,100.67
Nigeria,2018,52.017050934471,9.64894748123428,114.88,103.97
Nigeria,2019,49.7302169020823,11.5223586979699,109.64,108.44
Nigeria,2020,46.3861274671573,12.6672651648545,112.71,111.48
Nigeria,2021,43.7883918564236,14.6107029721795,118.31,111.54
Nigeria,2022,44.0357676988698,13.5935133270564,120.89,112.91
Nigeria,2023,42.7655317707006,15.3637990881922,,
North Macedonia,2014,53.8266326277266,10.9514035376996,91.64,101.49
North Macedonia,2015,53.7301817323071,11.7603595286911,104.14,96.2
North Macedonia,2016,53.5495422792727,12.2889398868518,104.22,102.32
North Macedonia,2017,54.5391890711302,12.6025309574733,79.24,101.67
North Macedonia,2018,54.3216751049362,13.3473954345583,101.3,101.87
North Macedonia,2019,54.994997711796,13.3941499935757,94.74,100.47
North Macedonia,2020,56.5553416357877,13.2972746832417,102.86,101.78
North Macedonia,2021,56.6626681929412,13.4832646738274,96.24,90.66
North Macedonia,2022,56.3668315026394,13.1851623117228,102.74,93.24
North Macedonia,2023,57.2089790162116,13.568001532818,,
Pakistan,2014,51.5633070162566,13.4140262892618,102.34,97.91
Pakistan,2015,52.6865814332807,12.3014420948153,97.1,100.56
Pakistan,2016,52.747401539414,11.2109167506518,100.56,101.53
Pakistan,2017,53.249254299638,11.2993459112201,105.46,105.09
Pakistan,2018,52.9323158239348,11.6027431620618,99.66,108.44
Pakistan,2019,53.6204826290348,12.5872745902299,100.32,112.64
Pakistan,2020,53.680280706041,11.4160734292379,105.14,116.7
Pakistan,2021,52.0255067386808,11.9347162169362,113.42,120.9
Pakistan,2022,52.2312939861803,13.7586338644974,104.13,125.3
Pakistan,2023,50.7641011206704,13.5983598854592,,
Palau,2014,78.1015518811958,0.997711350508829,,
Palau,2015,78.5938338340061,0.949162341369921,,
Palau,2016,76.6650297412038,0.941092471763036,,
Palau,2017,77.4509803921569,0.980392156862745,,
Palau,2018,78.1170994048442,1.01203862257114,,
Palau,2019,76.5500727810298,1.03684592837666,,
Palau,2020,76.5915237143559,1.02841490894657,,
Palau,2021,75.86188759502,1.03990237235682,,
Palau,2022,76.6302504273427,1.04432431332703,,
Palau,2023,76.6703530364298,1.11886112107507,,
Panama,2014,67.3055610797177,6.46788654828594,99.47,99.49
Panama,2015,66.652155427,6.26013276143563,98.44,101.25
Panama,2016,65.8250969877714,6.05024388647213,102.09,99.26
Panama,2017,65.5009498802326,5.93031938682056,104.95,101.14
Panama,2018,65.8116975091826,5.74622039902769,109.94,104.71
Panama,2019,66.0060429477805,5.67557287930525,118.42,101.7
Panama,2020,71.0034451284407,5.66800858814087,126.08,96.3
Panama,2021,68.1569842184061,5.28330073453115,129.48,101.11
Panama,2022,68.1396056178618,5.08735980262613,130.95,106.53
Panama,2023,67.2882121116119,4.98216674253707,,
Papua New Guinea,2014,44.4755050929294,2.12822917470014,99.8,97.97
Papua New Guinea,2015,43.2810108554466,1.77710948034908,99.79,100.48
Papua New Guinea,2016,43.430656678982,1.93140262947308,100.41,101.56
Papua New Guinea,2017,41.5021183585627,1.94533670409889,100.18,102.37
Papua New Guinea,2018,41.6473438003943,1.72426469114493,101.18,103.55
Papua New Guinea,2019,41.8361672652699,1.69105291556229,100.99,103.39
Papua New Guinea,2020,44.0310760674396,1.68522515894517,97.48,104.77
Papua New Guinea,2021,42.6087360883136,1.70169798242029,98.77,106.22
Papua New Guinea,2022,38.9579007220385,1.62713055107931,99.03,107.71
Papua New Guinea,2023,42.0273807046412,1.66044727883439,,
Paraguay,2014,47.1154467111251,18.7675100760167,98.79,101.71
Paraguay,2015,48.6423009672103,19.4164870545878,99.68,96.65
Paraguay,2016,47.6296883780502,19.0612407979676,101.53,101.64
Paraguay,2017,47.9606996049679,19.4527698175799,109.45,112.97
Paraguay,2018,48.8792744653965,18.9927483082579,111.5,106.86
Paraguay,2019,49.5586095739955,18.7951682400806,101.14,105.26
Paraguay,2020,48.1546300468675,18.7044275348216,118.78,111.99
Paraguay,2021,46.9922462915585,19.189811303604,108.94,113.41
Paraguay,2022,47.7418134980574,19.502538610842,74.78,113.45
Paraguay,2023,48.1394663805313,19.4071034050987,,
Peru,2014,52.3928980547013,13.9596976357841,97.97,97.76
Peru,2015,54.0425799449386,13.7880201715375,98.85,99.33
Peru,2016,54.3063730182748,13.3440281131691,103.18,102.91
Peru,2017,53.9283331564894,12.9708469176106,102.64,105.63
Peru,2018,53.5381936281076,13.1690240955292,112.31,111.27
Peru,2019,54.3915620275491,12.8493511674786,114.67,119.88
Peru,2020,54.1910600001421,12.2526157277512,118.61,117.78
Peru,2021,48.7058242179895,12.0658422532196,125.0,120.16
Peru,2022,49.6995886430732,12.3945381294598,130.74,123.1
Peru,2023,51.2061169826914,12.6192784609889,,
Philippines,2014,56.6808739042732,20.5750839907396,102.04,97.2
Philippines,2015,58.5215498609238,19.9280223742627,100.38,101.67
Philippines,2016,59.508957300169,19.5903031993868,97.58,101.13
Philippines,2017,59.6904952918166,19.5002020558133,103.23,97.94
Philippines,2018,59.7861194870255,19.0982471668147,102.8,98.19
Philippines,2019,60.8521683732324,18.516454400296,101.81,100.14
Philippines,2020,61.4147713831863,17.6581790478661,102.93,94.27
Philippines,2021,61.0410268609665,17.6400846961045,105.11,86.51
Philippines,2022,61.2269920189689,17.2293794131524,103.98,90.42
Philippines,2023,62.4020109621156,16.2303262947653,,
Rwanda,2014,49.2213441044684,6.81723322004657,97.24,94.64
Rwanda,2015,49.7430202653232,6.83354613396964,100.32,105.23
Rwanda,2016,49.2882419165261,6.70526496539237,102.45,100.13
Rwanda,2017,47.8764811281534,7.67787089010896,106.03,102.2
Rwanda,2018,49.6894821626552,7.6219933142698,111.58,103.6
Rwanda,2019,49.0985649554223,8.35941162223427,114.9,101.29
Rwanda,2020,46.5785096073841,8.73625657811809,116.33,99.98
Rwanda,2021,47.647336269549,9.29921653346709,122.56,93.91
Rwanda,2022,46.4685596596172,9.90161708409713,123.19,87.15
Rwanda,2023,45.7143367527107,9.54106626710982,,
Samoa,2014,67.3450833690281,6.89993046951613,128.29,97.03
Samoa,2015,69.3591744269817,6.4439291450999,87.02,97.63
Samoa,2016,67.6444407007429,6.25592619459729,84.69,105.34
Samoa,2017,67.0490950221707,6.19206874965597,82.65,98.64
Samoa,2018,69.5741752697084,4.72820497443284,82.81,87.99
Samoa,2019,68.9795416806271,4.54011164773459,80.7,73.65
Samoa,2020,69.4445296454272,3.95028348464388,81.74,68.74
Samoa,2021,69.7907915422382,4.87429229869607,85.19,84.63
Samoa,2022,70.4891664793923,4.91722964558812,84.07,80.63
Samoa,2023,67.7278594059533,5.09930342233536,,
Senegal,2014,53.6085329173623,16.9974155601834,80.07,95.35
Senegal,2015,51.4368734328387,17.0529991959005,114.05,100.68
Senegal,2016,51.9681042834976,16.4126562605797,105.88,103.97
Senegal,2017,52.1708286457549,15.8053087502448,141.51,114.5
Senegal,2018,52.1727885084918,15.5256232627653,166.28,117.86
Senegal,2019,50.9547929398667,14.8921153803941,165.89,120.85
Senegal,2020,50.524794927837,14.6422445114601,203.82,130.59
Senegal,2021,50.5239032603048,15.0896077803993,198.07,132.73
Senegal,2022,49.7964440298548,15.5609051361032,189.93,144.34
Senegal,2023,49.5867335830147,14.5435051681933,,
Serbia,2014,52.074015215271,18.2206993895186,98.78,96.33
Serbia,2015,52.0345054658593,17.808446227027,92.06,99.93
Serbia,2016,51.2068284193302,17.7523192064361,109.16,103.74
Serbia,2017,51.877371401474,17.6965113987748,86.01,101.8
Serbia,2018,52.450101208515,16.9084672527415,107.24,108.4
Serbia,2019,53.1665541059224,15.6952458067007,108.26,106.57
Serbia,2020,54.449906869144,14.8459192821502,113.06,105.77
Serbia,2021,54.2584622562205,14.4741898752194,103.4,106.33
Serbia,2022,54.2744500263509,14.8372104490961,94.58,107.02
Serbia,2023,57.5791112744077,13.2907807437882,,
Seychelles,2014,64.8365134500149,7.26865319905086,95.33,94.89
Seychelles,2015,67.2463184086625,5.85840609143849,103.36,97.32
Seychelles,2016,68.48212565237,6.16692105113208,101.3,107.79
Seychelles,2017,69.2741357827459,5.68102116851509,101.56,81.34
Seychelles,2018,69.9476824400139,5.76475360984903,101.47,115.53
Seychelles,2019,70.9429679692474,5.02282787419409,102.09,135.25
Seychelles,2020,69.3076224483376,6.67522557671927,101.91,152.11
Seychelles,2021,71.792890047776,6.56579304941984,102.55,191.65
Seychelles,2022,68.5396110646681,5.58943801722715,101.78,189.71
Seychelles,2023,67.3232920627206,4.69083873198533,,
Sierra Leone,2014,41.7591459134724,5.23858699050427,110.39,103.46
Sierra Leone,2015,45.7694781946391,5.69338045126701,96.14,99.35
Sierra Leone,2016,44.7998859143922,6.41412567952553,93.47,97.2
Sierra Leone,2017,44.7627784875476,6.68856342167286,83.94,94.16
Sierra Leone,2018,43.9222664585127,7.0274983448093,89.0,92.7
Sierra Leone,2019,44.0655252117914,6.99468944069285,77.42,96.94
Sierra Leone,2020,43.3576677772711,7.02537440517684,91.15,101.25
Sierra Leone,2021,43.4218935702597,7.34871673898096,133.47,106.48
Sierra Leone,2022,42.105830236429,7.00040805542312,105.75,101.8
Sierra Leone,2023,42.1891742714846,7.67021501391746,,
Solomon Islands,2014,48.112240236338,9.87482614742698,98.9,100.31
Solomon Islands,2015,51.09209115411,7.87889911801926,100.49,99.65
Solomon Islands,2016,49.6579840210135,7.85633504797344,100.6,100.04
Solomon Islands,2017,49.3219929611483,10.3357256228004,102.04,101.68
Solomon Islands,2018,48.1540581142826,10.1719454195889,103.63,99.71
Solomon Islands,2019,49.171830134502,10.3513676892852,104.71,100.15
Solomon Islands,2020,48.6359673456448,9.68138226202742,104.29,100.72
Solomon Islands,2021,46.7035213686397,9.67108814052763,108.11,101.19
Solomon Islands,2022,47.3239657129438,8.20775764217778,108.0,101.66
Solomon Islands,2023,,,,
Somalia,2014,,,101.08,100.48
Somalia,2015,,,105.5,101.42
Somalia,2016,,,93.42,98.09
Somalia,2017,,,101.67,97.94
Somalia,2018,,,105.58,98.08
Somalia,2019,,,102.53,99.4
Somalia,2020,,,100.95,100.04
Somalia,2021,,,101.06,99.67
Somalia,2022,,,101.37,98.64
Somalia,2023,,,,
South Africa,2014,64.0117818477066,12.4807113856549,107.89,98.36
South Africa,2015,64.1025757790295,12.5179444713924,100.68,101.47
South Africa,2016,63.913401523834,12.4836443520042,91.43,100.17
South Africa,2017,64.3304256202533,12.5127045016941,117.28,95.64
South Africa,2018,64.2531759654529,12.4570332833175,111.94,98.07
South Africa,2019,64.3473048295753,12.4008912661528,106.95,102.95
South Africa,2020,64.6102537818073,11.725046778088,119.28,104.49
South Africa,2021,62.7333137458698,12.0600788895343,125.16,104.22
South Africa,2022,62.2573808399405,12.4281006619886,124.13,103.24
South Africa,2023,62.6102798432728,12.9624980052328,,
South Sudan,2014,45.7040840248141,2.67583561781046,98.25,98.5
South Sudan,2015,56.5504512594544,3.53427701123526,103.33,99.03
South Sudan,2016,,,98.41,102.47
South Sudan,2017,,,96.58,102.74
South Sudan,2018,,,101.12,102.39
South Sudan,2019,,,106.95,112.65
South Sudan,2020,,,110.85,104.82
South Sudan,2021,,,112.4,115.1
South Sudan,2022,,,117.91,113.15
South Sudan,2023,,,,
Sri Lanka,2014,54.6273859128379,17.1564291869155,97.76,92.18
Sri Lanka,2015,54.2106196152554,16.1769598773506,104.53,98.63
Sri Lanka,2016,53.4181636951136,16.0186592476643,97.71,109.18
Sri Lanka,2017,52.2395328655965,14.8912960473413,86.75,113.45
Sri Lanka,2018,53.6373194378959,15.0327786142938,94.14,120.74
Sri Lanka,2019,55.7458586321945,16.16080171774,95.85,123.02
Sri Lanka,2020,57.8323873797115,16.2859641030582,107.34,121.59
Sri Lanka,2021,55.8743853501457,17.9651186198397,117.02,128.88
Sri Lanka,2022,57.0665321893625,19.6510544338112,95.73,125.14
Sri Lanka,2023,59.8415064855768,18.0505732354857,,
St. Lucia,2014,75.1996696874735,2.53959515541628,102.31,99.19
St. Lucia,2015,73.9894234965568,2.90618219369221,101.3,100.96
St. Lucia,2016,73.7632976351171,3.14088803525025,96.39,99.85
St. Lucia,2017,74.8904736135924,3.00280209638322,100.37,97.68
St. Lucia,2018,75.463197581848,2.9087550183482,104.32,101.5
St. Lucia,2019,76.099394954953,2.10926162586192,98.66,106.22
St. Lucia,2020,70.4066659420362,2.98193693738204,79.91,106.89
St. Lucia,2021,74.2809537033364,3.014440433213,72.91,89.65
St. Lucia,2022,77.5848848992859,2.21284897388753,77.63,117.62
St. Lucia,2023,76.2502190826723,3.30887227670713,,
St. Vincent and the Grenadines,2014,65.4117601841042,4.68524043566202,102.13,100.48
St. Vincent and the Grenadines,2015,64.7214766680793,4.79493337100344,100.22,99.62
St. Vincent and the Grenadines,2016,63.7226987837825,4.99131273253222,97.65,99.89
St. Vincent and the Grenadines,2017,63.4627958102777,4.95324519178028,99.48,98.34
St. Vincent and the Grenadines,2018,63.4554737005223,4.8783552303691,101.23,93.97
St. Vincent and the Grenadines,2019,64.3863645608754,4.04059716063947,102.74,92.76
St. Vincent and the Grenadines,2020,63.216854515,3.62073914142388,103.68,89.88
St. Vincent and the Grenadines,2021,64.7032836965446,3.77256265029611,102.09,91.59
St. Vincent and the Grenadines,2022,64.8705823327006,3.86699166170563,102.52,88.9
St. Vincent and the Grenadines,2023,66.3856112523488,3.68354150547143,,
Sudan,2014,46.0569229388561,,106.91,98.8
Sudan,2015,48.7681406482026,,85.38,99.75
Sudan,2016,50.1460202462207,,107.7,101.45
Sudan,2017,51.3685771317033,,103.42,102.73
Sudan,2018,51.2947649245208,,130.94,103.99
Sudan,2019,37.6356278206897,,122.21,104.78
Sudan,2020,36.2433523276631,,128.05,105.6
Sudan,2021,9.68548551361181,,116.62,105.32
Sudan,2022,6.4480676740207,,126.22,106.37
Sudan,2023,41.3879052564524,,,
Suriname,2014,52.2608997340118,16.3524921938244,102.88,95.91
Suriname,2015,54.4967591981728,11.4946632952408,97.92,99.5
Suriname,2016,57.0833584990983,13.3991911723143,99.2,104.59
Suriname,2017,48.185963793629,23.6101426534913,102.18,109.84
Suriname,2018,50.8308432543601,21.3232639021855,95.87,107.67
Suriname,2019,55.3767659072638,17.4259713504294,89.67,118.51
Suriname,2020,51.8877061563009,23.1087156696286,79.98,113.38
Suriname,2021,50.3802826726457,21.7146766214212,79.9,125.22
Suriname,2022,48.0663465403299,27.6729726702699,80.24,124.07
Suriname,2023,48.2956026154186,25.6105612101276,,
Syrian Arab Republic,2014,53.6446463483332,,85.07,103.24
Syrian Arab Republic,2015,51.3782017580259,,113.44,98.19
Syrian Arab Republic,2016,49.5963475458074,,101.49,98.57
Syrian Arab Republic,2017,42.1575275639277,,112.54,85.73
Syrian Arab Republic,2018,42.4941671975066,,107.35,81.75
Syrian Arab Republic,2019,43.3429083537083,,123.99,83.85
Syrian Arab Republic,2020,45.0269069921069,,128.83,100.25
Syrian Arab Republic,2021,41.2026068101273,,100.49,99.41
Syrian Arab Republic,2022,44.9390534854858,,96.3,98.92
Syrian Arab Republic,2023,,,,
Tajikistan,2014,41.1105011545958,7.61766542724491,98.91,76.57
Tajikistan,2015,39.1778381962344,10.7329072655156,99.16,101.59
Tajikistan,2016,37.1585846399819,11.3777438707216,101.93,121.85
Tajikistan,2017,38.8761886138283,12.8052915915902,109.07,169.68
Tajikistan,2018,36.7459808159957,13.2289696478429,119.18,178.94
Tajikistan,2019,37.0798560987387,13.4323434011968,131.07,185.24
Tajikistan,2020,35.2521430281461,15.6258523576585,137.86,184.07
Tajikistan,2021,33.3755786470221,14.9988671924081,131.68,185.05
Tajikistan,2022,34.1105264182187,15.1406689868228,131.33,185.93
Tajikistan,2023,34.7082666200741,14.6125760832401,,
Tanzania,2014,41.2956954905769,9.12010900018828,99.52,97.04
Tanzania,2015,40.4311664337765,7.85556496098664,104.21,100.89
Tanzania,2016,39.4485885215938,7.81371783783383,96.27,102.07
Tanzania,2017,37.961527710078,7.6655871547421,93.64,102.53
Tanzania,2018,37.2427988727653,8.07382315106412,99.97,119.83
Tanzania,2019,36.83250438588,8.50181055578149,101.22,123.32
Tanzania,2020,34.2374729758264,8.03212809036323,106.51,131.14
Tanzania,2021,32.5519716058525,8.02487463288165,104.72,136.97
Tanzania,2022,30.6423919827317,8.18310234075459,100.37,145.47
Tanzania,2023,28.6974346292653,8.39851072327136,,
Thailand,2014,53.1480380193834,27.5735009565918,103.13,101.62
Thailand,2015,54.9480990258654,27.3740711959416,96.14,99.64
Thailand,2016,55.9351576320684,27.1442393688371,100.72,98.74
Thailand,2017,56.5748278870276,27.0148154805347,102.94,99.68
Thailand,2018,57.0556910705407,26.7128343918527,106.38,98.86
Thailand,2019,58.2775214465787,25.6215964143658,102.51,101.49
Thailand,2020,58.006424885407,25.5553325712421,97.97,101.28
Thailand,2021,56.2753751026927,27.1516178101018,102.1,102.75
Thailand,2022,56.1587909124394,27.0235171521781,106.6,103.25
Thailand,2023,58.4568146846269,24.9792811540709,,
Timor-Leste,2014,63.4872989617109,0.776623601277537,104.53,93.83
Timor-Leste,2015,63.7293225404494,0.973751580222481,102.75,105.61
Timor-Leste,2016,66.2385277926753,1.10067599142341,92.72,100.56
Timor-Leste,2017,69.0436250503509,1.56222079876917,87.16,98.57
Timor-Leste,2018,68.5325580217414,1.6920432293487,95.52,99.0
Timor-Leste,2019,55.2347880695907,1.82893374715954,86.08,105.83
Timor-Leste,2020,48.314274665383,1.52727301116233,92.42,94.62
Timor-Leste,2021,30.4447362411597,0.752185651401857,93.42,83.9
Timor-Leste,2022,36.3217785277299,1.29057151612715,107.66,92.01
Timor-Leste,2023,61.0070572630797,1.64499840564832,,
Togo,2014,48.4581937462063,16.1808840672593,102.38,93.89
Togo,2015,49.1386494713437,14.8853305305729,97.1,97.98
Togo,2016,50.3511858602872,13.4096019522988,100.52,108.13
Togo,2017,50.5465232279112,13.0099490414948,105.63,114.55
Togo,2018,50.531195574224,13.2525356008606,111.28,119.09
Togo,2019,51.2372165678163,12.6335456786508,112.96,123.96
Togo,2020,51.3395938490433,12.9535861016551,112.72,117.02
Togo,2021,51.4192514964235,12.6000047556977,115.76,125.79
Togo,2022,51.0784392606446,12.6190443483739,119.81,142.92
Togo,2023,51.7273921851659,12.6916902899689,,
Tonga,2014,54.0689049756363,6.23582372065648,94.25,100.12
Tonga,2015,53.3615593263402,6.03420289309567,107.67,99.42
Tonga,2016,52.0575330434807,6.04796477705228,98.07,100.46
Tonga,2017,50.5829624108985,5.97996989347056,98.07,101.08
Tonga,2018,50.2333133115132,5.8050898612984,96.26,100.69
Tonga,2019,47.4729977546743,5.36957917734332,96.61,101.0
Tonga,2020,51.3382210713941,5.48131134121285,96.53,99.93
Tonga,2021,50.6528703508083,5.69971826700237,96.72,101.64
Tonga,2022,51.8018291232577,4.80952720748639,97.18,100.86
Tonga,2023,50.1628370533931,4.49988339472462,,
Tunisia,2014,57.5059874486204,14.5464536962829,86.95,96.76
Tunisia,2015,58.9459946415567,14.0102358294118,119.87,101.18
Tunisia,2016,59.7019107558332,13.8088236683112,93.18,102.06
Tunisia,2017,60.2680089989854,14.200947932341,90.71,101.75
Tunisia,2018,59.4588686158843,14.5171725575406,118.98,98.68
Tunisia,2019,59.9417090281883,14.3190210890035,106.36,98.93
Tunisia,2020,60.1898209320171,13.6938179329066,131.04,101.72
Tunisia,2021,59.5290114531497,14.3691189148015,102.89,104.96
Tunisia,2022,61.0889371554734,15.4947922266905,111.48,104.46
Tunisia,2023,62.1408536882697,15.114254166675,,
Turkiye,2014,53.8279199476327,16.7716970232894,94.98,99.04
Turkiye,2015,53.4755978698858,16.6961854458277,102.18,100.02
Turkiye,2016,53.9863511922958,16.5954578952398,102.84,100.94
Turkiye,2017,53.5364675969232,17.5918310459266,108.25,109.93
Turkiye,2018,54.4225981046527,19.0837580442819,107.22,115.1
Turkiye,2019,56.3110371916258,18.3774684565259,109.98,123.04
Turkiye,2020,54.2011352567822,19.1391928132206,115.79,126.77
Turkiye,2021,52.754862310299,22.2380503750009,114.51,131.85
Turkiye,2022,51.737615492821,22.1086483987861,125.29,137.31
Turkiye,2023,54.129655900832,19.5466084784535,,
Turkmenistan,2014,31.0349553384283,,92.25,95.8
Turkmenistan,2015,36.4001308869185,,96.04,98.26
Turkmenistan,2016,38.0400180104745,,111.71,105.94
Turkmenistan,2017,41.8383028732428,,113.42,106.35
Turkmenistan,2018,44.0520328850076,,107.51,107.54
Turkmenistan,2019,46.7763635789407,,116.92,109.89
Turkmenistan,2020,51.1252595673566,,126.11,113.31
Turkmenistan,2021,51.0678413492852,,125.31,113.87
Turkmenistan,2022,48.6177459520741,,121.16,113.98
Turkmenistan,2023,49.436147803262,,,
Tuvalu,2014,,,98.97,98.45
Tuvalu,2015,,,100.14,100.38
Tuvalu,2016,,,100.89,101.17
Tuvalu,2017,,,101.66,102.56
Tuvalu,2018,,,102.59,101.71
Tuvalu,2019,,,116.36,103.91
Tuvalu,2020,,,117.35,104.47
Tuvalu,2021,,,117.01,105.29
Tuvalu,2022,,,112.68,106.49
Tuvalu,2023,,,,
Uganda,2014,44.0459519330973,15.6338628298848,103.15,97.77
Uganda,2015,44.2988124381619,17.6085476770624,104.94,99.3
Uganda,2016,44.4324164008995,16.2297475967432,91.92,102.93
Uganda,2017,43.4784994061797,15.5229960881974,105.08,102.31
Uganda,2018,43.3388930035876,15.7793556188555,103.86,112.05
Uganda,2019,42.9981110493193,15.4663074825279,122.78,106.78
Uganda,2020,42.8380040896187,15.7952567223933,153.38,98.97
Uganda,2021,41.8463858299692,16.4337491871358,169.72,99.68
Uganda,2022,41.6521408721143,16.371869705691,148.35,99.02
Uganda,2023,42.5125306078843,15.6493486803365,,
Ukraine,2014,54.1589184045774,12.2281281606135,100.14,103.98
Ukraine,2015,51.1686439927907,11.9027791187924,96.11,98.95
Ukraine,2016,49.9142479962203,12.2191260296634,103.75,97.07
Ukraine,2017,50.9587159917712,11.980302070255,100.82,97.62
Ukraine,2018,51.3323027091522,11.5340215521043,111.07,95.82
Ukraine,2019,54.4855197050788,10.7886004166753,112.83,98.9
Ukraine,2020,55.7900164518172,10.1013826063601,100.9,94.32
Ukraine,2021,51.9054004247779,10.2832971524252,121.71,90.72
Ukraine,2022,61.7172292872421,7.6035757191006,90.06,81.22
Ukraine,2023,61.211871946742,8.31267715667005,,
Uruguay,2014,59.0956557074816,12.143302174234,107.55,99.9
Uruguay,2015,59.3254707453324,13.2426613311807,103.42,99.8
Uruguay,2016,63.5189622671981,10.9867750624362,89.03,100.3
Uruguay,2017,65.35917582282,10.2732605633274,104.17,103.7
Uruguay,2018,64.7307517847279,11.0796998499299,65.2,104.72
Uruguay,2019,64.883275928797,10.5787118487686,97.48,103.75
Uruguay,2020,64.6189887676901,9.71291913403445,85.09,97.07
Uruguay,2021,63.3790070063297,10.4720490348578,91.17,105.97
Uruguay,2022,63.767241941677,10.4606623369653,79.71,109.58
Uruguay,2023,65.6523687606962,9.74425484371894,,
Uzbekistan,2014,39.3947149528111,12.6883574975987,95.4,93.77
Uzbekistan,2015,39.1570431690355,12.8094689336525,101.34,100.21
Uzbekistan,2016,39.0199518935618,13.6540206285506,103.26,106.01
Uzbekistan,2017,40.0577872690276,14.0025699748323,95.76,104.2
Uzbekistan,2018,37.8086435877441,16.1531607468822,89.45,116.82
Uzbekistan,2019,38.5474434831914,17.547885761433,95.67,111.19
Uzbekistan,2020,38.806479436163,19.1278574156415,99.01,113.79
Uzbekistan,2021,39.1120142077619,19.470717302152,102.59,117.76
Uzbekistan,2022,41.5404801361493,19.0715817765466,107.7,121.61
Uzbekistan,2023,43.9528453580868,19.3636989151573,,
Vanuatu,2014,62.1974276356083,3.48973450856123,104.56,107.97
Vanuatu,2015,61.2816734703737,3.28027247034953,97.51,97.99
Vanuatu,2016,62.720489633119,3.15648316886153,97.93,94.04
Vanuatu,2017,60.8565978479665,2.90345358162867,82.67,88.32
Vanuatu,2018,59.7939883498229,2.77659247204057,83.09,79.62
Vanuatu,2019,62.2038157282457,2.92508143322476,83.93,80.3
Vanuatu,2020,60.4627891240744,2.58841692954283,83.43,74.99
Vanuatu,2021,62.0942690798162,2.74455460277897,84.58,81.76
Vanuatu,2022,60.4474724535285,2.40558499453276,84.55,75.5
Vanuatu,2023,,,,
"Venezuela, RB",2014,51.6674781595521,12.0733564315826,107.27,104.52
"Venezuela, RB",2015,,,103.62,104.88
"Venezuela, RB",2016,,,96.38,95.12
"Venezuela, RB",2017,,,95.79,89.12
"Venezuela, RB",2018,,,86.25,83.99
"Venezuela, RB",2019,,,86.75,83.82
"Venezuela, RB",2020,,,95.11,85.79
"Venezuela, RB",2021,,,97.18,83.01
"Venezuela, RB",2022,,,93.94,87.23
"Venezuela, RB",2023,,,,
Viet Nam,2014,40.9236092881482,20.371229229791,99.4,94.56
Viet Nam,2015,42.1930087721287,20.9600916821922,100.98,99.54
Viet Nam,2016,42.8544900073075,21.4882532002034,99.63,105.9
Viet Nam,2017,42.5807243141144,22.6271239749306,101.53,107.45
Viet Nam,2018,42.1709178908888,23.3671679233065,104.7,112.2
Viet Nam,2019,42.4687227777403,23.7867165015145,105.44,106.83
Viet Nam,2020,41.8311604395691,23.9472430412931,106.01,114.57
Viet Nam,2021,41.2574400803721,24.4593726835115,109.24,131.19
Viet Nam,2022,41.1356424431376,24.7772286923041,109.55,135.42
Viet Nam,2023,42.2942279625883,24.179672453009,,
"Yemen, Rep.",2014,38.4351681647049,,108.59,107.48
"Yemen, Rep.",2015,41.92790324759,,98.61,100.52
"Yemen, Rep.",2016,45.0068188448993,,92.8,92.0
"Yemen, Rep.",2017,43.1148926729962,,92.49,90.99
"Yemen, Rep.",2018,41.8118618424867,,88.83,92.56
"Yemen, Rep.",2019,,,105.46,107.28
"Yemen, Rep.",2020,,,109.51,113.62
"Yemen, Rep.",2021,,,124.71,118.27
"Yemen, Rep.",2022,,,118.58,119.7
"Yemen, Rep.",2023,,,,
Zimbabwe,2014,57.5909768080691,12.5907477951336,109.52,93.85
Zimbabwe,2015,58.6512464523118,11.8886371746479,96.35,102.3
Zimbabwe,2016,60.4096659264749,11.5959746264251,94.14,103.85
Zimbabwe,2017,54.9437594130352,14.0268893443693,107.07,101.98
Zimbabwe,2018,55.9847913270951,13.6781427660576,135.98,102.21
Zimbabwe,2019,52.6772924585667,14.2223580077986,104.29,106.68
Zimbabwe,2020,52.8925760309362,15.6965671788688,127.77,105.66
Zimbabwe,2021,56.6398693749276,12.4429337167724,129.97,116.02
Zimbabwe,2022,41.5471272498579,20.5334653323177,123.48,119.62
Zimbabwe,2023,62.4107328043627,16.4294739783293,,
