country,year,renewable_energy_pct,pm25_concentration,co2_per_capita
Afghanistan,2014,19.1,77.1437275538632,0.283692395910162
Afghanistan,2015,17.7,73.4908176326415,0.297971774718822
Afghanistan,2016,20.2,72.7659101386992,0.268358772656602
Afghanistan,2017,19.5,65.8623470043896,0.281195815732375
Afghanistan,2018,18.3,67.2271774798558,0.299082634225993
Afghanistan,2019,18.9,58.3308722306744,0.297563650500103
Afghanistan,2020,18.2,46.0870936659706,0.223478872007068
Afghanistan,2021,20.0,,
Afghanistan,2022,20.0,,
Afghanistan,2023,,,
Albania,2014,38.6,19.3679442180935,1.79571244233506
Albania,2015,38.5,19.121557306579,1.66521852478371
Albania,2016,39.4,17.602163992984,1.5900693334483
Albania,2017,36.9,18.5552438171978,1.88055711291312
Albania,2018,37.8,19.0461862321065,1.85464154039805
Albania,2019,40.1,15.70470712234,1.74946245713759
Albania,2020,44.4,15.7070036417042,1.54455011524574
Albania,2021,41.9,,
Albania,2022,,,
Albania,2023,,,
Algeria,2014,0.1,24.111122951181,3.81152114717356
Algeria,2015,0.1,25.6188658260447,3.95196093867474
Algeria,2016,0.1,25.5531525527547,3.83383422168475
Algeria,2017,0.1,24.7521457818965,3.83368112626665
Algeria,2018,0.2,24.9335900639775,3.92429872230088
Algeria,2019,0.2,24.3886086444981,3.99440182789199
Algeria,2020,0.1,25.5526558310447,3.7182233703076
Algeria,2021,0.1,,
Algeria,2022,,,
Algeria,2023,,,
Angola,2014,47.5,23.9455836380328,1.0914970571178
Angola,2015,47.1,25.0021502571501,1.12518536428885
Angola,2016,48.1,25.1807008149163,1.01255212444657
Angola,2017,52.5,23.9591508117097,0.829723216824015
Angola,2018,52.5,24.2650153621146,0.755827619476188
Angola,2019,51.0,24.5988113283925,0.753638205444169
Angola,2020,60.1,25.1452381976267,0.592742967779037
Angola,2021,52.9,,
Angola,2022,,,
Angola,2023,,,
Antigua and Barbuda,2014,0.1,18.1521399923532,5.34089380967323
Antigua and Barbuda,2015,0.4,19.7963197860936,5.45023960151655
Antigua and Barbuda,2016,0.4,19.9208792974299,5.5264785124332
Antigua and Barbuda,2017,0.4,19.0159494088973,5.48842722154545
Antigua and Barbuda,2018,0.7,18.9233007168875,5.5508261847074
Antigua and Barbuda,2019,0.7,19.0584631585727,5.52558159731646
Antigua and Barbuda,2020,0.9,19.6982695582914,5.12173012173012
Antigua and Barbuda,2021,0.9,,
Antigua and Barbuda,2022,0.9,,
Antigua and Barbuda,2023,,,
Argentina,2014,9.8,13.9500593062949,4.20911189491323
Argentina,2015,9.4,14.6245514656634,4.30191380564475
Argentina,2016,9.4,14.2700594540808,4.20181586904703
Argentina,2017,10.4,13.9690174802422,4.07011168693629
Argentina,2018,10.5,14.1850800443346,3.97565074444479
Argentina,2019,10.7,14.3996238920365,3.74202981162433
Argentina,2020,9.8,14.9081737974407,3.4056175404138
Argentina,2021,9.2,,
Argentina,2022,,,
Argentina,2023,,,
Armenia,2014,7.1,38.639237611456,1.89589367216507
Armenia,2015,10.7,38.1148586893988,1.85625278998956
Armenia,2016,13.2,35.8609078798257,1.7679664042068
Armenia,2017,12.6,34.0153569947094,1.88339587008485
Armenia,2018,11.1,34.201366074335,2.01377938113001
Armenia,2019,10.3,32.6618235324139,2.1965523671897
Armenia,2020,8.4,30.5796334750125,2.40468376195106
Armenia,2021,9.1,,
Armenia,2022,,,
Armenia,2023,,,
Azerbaijan,2014,2.1,26.4192082058383,3.3815556221401
Azerbaijan,2015,2.3,25.1867220505416,3.29279481365619
Azerbaijan,2016,1.9,24.3527968807853,3.30395789547903
Azerbaijan,2017,1.9,23.2421881518978,3.24303764763118
Azerbaijan,2018,1.9,23.2360923544978,3.29264124897847
Azerbaijan,2019,1.7,22.023834941184,3.54349533028946
Azerbaijan,2020,1.3,21.7269999756599,3.39884957289227
Azerbaijan,2021,1.3,,
Azerbaijan,2022,,,
Azerbaijan,2023,,,
Bangladesh,2014,35.4,68.3283645116627,0.42518945677671
Bangladesh,2015,33.1,64.1084295201163,0.46351707533422
Bangladesh,2016,30.2,63.6784141329752,0.50773927054082
Bangladesh,2017,28.1,58.3439766448258,0.541787825904309
Bangladesh,2018,27.0,59.513577848333,0.586157624560863
Bangladesh,2019,26.1,50.3645265388691,0.559733655592985
Bangladesh,2020,27.2,42.3813762359965,0.510647559277094
Bangladesh,2021,25.0,,
Bangladesh,2022,,,
Bangladesh,2023,,,
Belarus,2014,6.7,19.3974713758219,6.29006780430576
Belarus,2015,6.8,17.6059281150121,5.799689168547
Belarus,2016,6.7,15.8319434819688,5.82946357939628
Belarus,2017,7.3,15.7775132293532,5.94640716888454
Belarus,2018,7.2,16.9825400264261,6.27957941620664
Belarus,2019,7.8,15.6177925850738,6.12342695003417
Belarus,2020,8.4,14.6089903841381,5.84240729590088
Belarus,2021,8.2,,
Belarus,2022,,,
Belarus,2023,,,
Belize,2014,37.4,26.766330789615,1.37284118807385
Belize,2015,30.3,27.5566748212023,1.875949993192
Belize,2016,33.3,25.608806996967,1.77314715242858
Belize,2017,37.2,26.1751165590281,1.71633844240485
Belize,2018,35.5,26.7474102969967,1.64892976606136
Belize,2019,30.4,26.1465334719171,1.89208291034323
Belize,2020,31.4,28.6518070195516,1.74110771521393
Belize,2021,26.6,,
Belize,2022,30.8,,
Belize,2023,,,
Benin,2014,51.0,42.0112596872744,0.488570533867478
Benin,2015,49.9,66.6561284323416,0.503586323811604
Benin,2016,45.4,59.4793406242621,0.598485713029697
Benin,2017,45.4,58.3879587239383,0.592940505290305
Benin,2018,44.0,54.0562679352757,0.636814493777282
Benin,2019,46.5,46.5625275293874,0.60823677321991
Benin,2020,46.2,51.0478241974862,0.631204805964476
Benin,2021,54.5,,
Benin,2022,,,
Benin,2023,,,
Bhutan,2014,82.1,40.2981530542455,1.37487658839394
Bhutan,2015,81.6,37.4856911286561,1.40204016284708
Bhutan,2016,80.8,36.9416122831151,1.63838876655361
Bhutan,2017,79.7,33.8115150358203,1.73186566700303
Bhutan,2018,80.0,34.0838819368766,1.90828976926791
Bhutan,2019,81.0,30.051897764158,1.86720072342627
Bhutan,2020,83.9,23.9456576369223,1.34005431673023
Bhutan,2021,81.8,,
Bhutan,2022,82.5,,
Bhutan,2023,,,
Bolivia,2014,15.0,26.9415449050283,1.78421940046278
Bolivia,2015,14.2,27.4574711709407,1.8036741828399
Bolivia,2016,13.6,28.0546140290721,1.8936936513003
Bolivia,2017,14.3,26.5418633872389,1.89131542884796
Bolivia,2018,14.3,25.1667590386614,1.88518817031758
Bolivia,2019,13.5,24.4849924422413,1.85346150629409
Bolivia,2020,16.9,22.879459074231,1.53946469560316
Bolivia,2021,12.8,,
Bolivia,2022,,,
Bolivia,2023,,,
Bosnia and Herzegovina,2014,23.6,32.4817989014897,5.46245548950622
Bosnia and Herzegovina,2015,25.2,33.8055310132726,5.56957873339682
Bosnia and Herzegovina,2016,23.0,30.384676952561,6.42249063914649
Bosnia and Herzegovina,2017,18.5,30.9018207776211,6.59666334014239
Bosnia and Herzegovina,2018,35.4,32.4989922059154,6.65145351838121
Bosnia and Herzegovina,2019,36.8,26.7157922521039,6.28566395622831
Bosnia and Herzegovina,2020,37.7,26.6019532713554,6.31230587447531
Bosnia and Herzegovina,2021,36.6,,
Bosnia and Herzegovina,2022,,,
Bosnia and Herzegovina,2023,,,
Botswana,2014,25.8,21.1021511668115,3.09192452937034
Botswana,2015,26.1,22.0461450923733,3.01483577574071
Botswana,2016,26.7,21.2522533064009,2.81808659692843
Botswana,2017,26.7,19.9663232166838,3.05495453485661
Botswana,2018,25.6,19.9110410814922,3.28847103849256
Botswana,2019,26.2,19.2035484352255,2.8796632558601
Botswana,2020,27.7,18.9057549925814,2.2634631138367
Botswana,2021,27.4,,
Botswana,2022,,,
Botswana,2023,,,
Brazil,2014,41.7,13.7916487838641,2.51459195963426
Brazil,2015,43.7,12.4042007642389,2.36536062099671
Brazil,2016,45.4,12.1085038135727,2.16125984748939
Brazil,2017,45.3,12.2193388464901,2.18548661863967
Brazil,2018,46.9,12.2516401526844,2.06426147881772
Brazil,2019,47.5,12.3488400923542,2.05077012882977
Brazil,2020,50.0,12.1793252040724,1.94252335631484
Brazil,2021,46.5,,
Brazil,2022,,,
Brazil,2023,,,
Burkina Faso,2014,78.9,49.9195641760489,0.164943646730665
Burkina Faso,2015,78.8,71.873244459767,0.203109100380761
Burkina Faso,2016,77.1,66.0917117316937,0.207403201722726
Burkina Faso,2017,74.6,60.3100692778775,0.233173679706721
Burkina Faso,2018,73.7,58.1036119011901,0.252428280421403
Burkina Faso,2019,72.7,50.7057233570721,0.26950158887331
Burkina Faso,2020,73.1,58.4706762025055,0.253533188747507
Burkina Faso,2021,71.2,,
Burkina Faso,2022,71.4,,
Burkina Faso,2023,,,
Burundi,2014,91.3,31.2135166042476,0.0347596973886301
Burundi,2015,91.2,30.120746318795,0.0341936179122354
Burundi,2016,89.6,30.7630623664928,0.0405380853018533
Burundi,2017,88.2,29.3039698472733,0.0474291236691765
Burundi,2018,85.7,28.3384994863636,0.057850230113233
Burundi,2019,84.8,28.7747369895123,0.0595713389942667
Burundi,2020,83.4,29.6541345084659,0.0583840218352736
Burundi,2021,83.1,,
Burundi,2022,83.0,,
Burundi,2023,,,
Cabo Verde,2014,26.1,31.3508458881205,0.909030977373113
Cabo Verde,2015,26.4,51.4204136901671,0.905343682877975
Cabo Verde,2016,23.9,43.0314900855625,0.972252567183745
Cabo Verde,2017,21.8,53.8692623569653,1.0349515181767
Cabo Verde,2018,21.9,31.7384229474609,1.04113781114212
Cabo Verde,2019,19.7,39.3519135244555,1.06961509800184
Cabo Verde,2020,23.4,42.3225220905558,1.06515172319099
Cabo Verde,2021,22.6,,
Cabo Verde,2022,21.8,,
Cabo Verde,2023,,,
Cambodia,2014,63.7,22.1052880421246,0.456727603783544
Cambodia,2015,60.6,21.599028896344,0.546949078655501
Cambodia,2016,58.0,22.4071810127085,0.708268456939398
Cambodia,2017,56.3,20.7075312769695,0.799744091997512
Cambodia,2018,58.1,22.9919425508182,0.845896953293299
Cambodia,2019,53.0,22.9738017157091,1.11633042620485
Cambodia,2020,51.4,24.1436022803452,1.13758365931038
Cambodia,2021,52.4,,
Cambodia,2022,,,
Cambodia,2023,,,
Cameroon,2014,76.9,37.009069026736,0.368742288253346
Cameroon,2015,78.1,51.9499452409616,0.369370823329051
Cameroon,2016,78.8,44.7692534342126,0.378493591541366
Cameroon,2017,79.2,43.2149077099804,0.372071194814649
Cameroon,2018,78.7,40.8875596706757,0.388794447700892
Cameroon,2019,78.9,40.7355761870464,0.370691707164993
Cameroon,2020,78.9,39.8126251004519,0.37478265803136
Cameroon,2021,79.2,,
Cameroon,2022,,,
Cameroon,2023,,,
Central African Republic,2014,94.8,31.9156244391296,0.0271738337653223
Central African Republic,2015,92.9,38.5999376665904,0.0382625562500039
Central African Republic,2016,92.1,34.4108147859314,0.0420865723239598
Central African Republic,2017,91.6,33.885383156685,0.0445090109733524
Central African Republic,2018,91.4,31.9740977574518,0.0449675942827757
Central African Republic,2019,91.3,34.9143760112605,0.0451882048419334
Central African Republic,2020,90.9,34.4334184466457,0.044282072685485
Central African Republic,2021,90.9,,
Central African Republic,2022,90.9,,
Central African Republic,2023,,,
Chad,2014,72.5,46.8052788415437,0.108278189161726
Chad,2015,72.7,64.3827504839855,0.104563037463065
Chad,2016,72.7,58.3859502502274,0.10072718438851
Chad,2017,72.8,56.2506214671266,0.0986485114163678
Chad,2018,73.1,54.3808173498018,0.0998063984014571
Chad,2019,72.8,51.8673577081314,0.0981963885605548
Chad,2020,71.9,49.1388484128027,0.0942281870969025
Chad,2021,69.9,,
Chad,2022,70.0,,
Chad,2023,,,
Chile,2014,27.0,23.0317537681692,4.3285934591455
Chile,2015,25.1,24.2782298076617,4.60323610513279
Chile,2016,24.6,24.2218424802596,4.78352570264377
Chile,2017,24.1,23.4116041349236,4.74380241866313
Chile,2018,25.5,23.0512130318909,4.62965705867727
Chile,2019,25.3,22.7323927701622,4.82762007480769
Chile,2020,26.7,23.2750668049145,4.39515106359663
Chile,2021,24.2,,
Chile,2022,,,
Chile,2023,,,
Colombia,2014,32.1,18.33821147907,1.71582096359122
Colombia,2015,31.1,17.6079787372288,1.71939023077553
Colombia,2016,30.5,17.312215487627,1.75379580314977
Colombia,2017,32.2,17.2528522521135,1.56507517599547
Colombia,2018,30.4,16.0492875724803,1.61039151744768
Colombia,2019,31.5,14.5158658042874,1.57782014077396
Colombia,2020,32.0,14.1832514905064,1.55225942282078
Colombia,2021,29.7,,
Colombia,2022,,,
Colombia,2023,,,
Comoros,2014,68.0,11.3961592947192,0.240550116706688
Comoros,2015,67.0,11.9089280291946,0.254582205813075
Comoros,2016,64.0,12.204174846154,0.292000343056851
Comoros,2017,59.5,10.8598778552179,0.366303251827578
Comoros,2018,57.7,11.6282907601438,0.389920045136433
Comoros,2019,55.3,10.4127200490569,0.412396679587249
Comoros,2020,50.8,11.9332724091044,0.407112182850678
Comoros,2021,41.2,,
Comoros,2022,39.3,,
Comoros,2023,,,
"Congo, Rep.",2014,62.1,27.8059959217622,1.04656126835517
"Congo, Rep.",2015,64.2,30.5591063026375,1.11662104744781
"Congo, Rep.",2016,67.7,28.2160787153425,1.0599164344115
"Congo, Rep.",2017,69.8,28.5831067984323,1.01776241731516
"Congo, Rep.",2018,70.6,27.9644662335483,1.14258944301682
"Congo, Rep.",2019,69.8,28.7484172141318,1.25766214248646
"Congo, Rep.",2020,71.4,28.5737499496554,1.25459166977367
"Congo, Rep.",2021,71.4,,
"Congo, Rep.",2022,,,
"Congo, Rep.",2023,,,
Costa Rica,2014,37.6,17.5539609994868,1.61681138693653
Costa Rica,2015,38.3,17.6636155108417,1.53984215693524
Costa Rica,2016,34.1,16.8973562895418,1.61952841186564
Costa Rica,2017,33.3,17.165875341513,1.63671577915361
Costa Rica,2018,33.1,15.1307436338713,1.62012119663525
Costa Rica,2019,33.4,13.3766440949763,1.56482445188662
Costa Rica,2020,36.4,14.3075712471404,1.35999554957394
Costa Rica,2021,34.2,,
Costa Rica,2022,,,
Costa Rica,2023,,,
Cote d'Ivoire,2014,71.9,38.9323349133904,0.399942510628685
Cote d'Ivoire,2015,64.5,61.954609777616,0.415553147784264
Cote d'Ivoire,2016,64.0,55.6539855341019,0.396202600337942
Cote d'Ivoire,2017,62.5,50.6654421695962,0.425136558186376
Cote d'Ivoire,2018,60.5,50.8958061004876,0.399890358464121
Cote d'Ivoire,2019,61.1,44.3324266688486,0.414528305155615
Cote d'Ivoire,2020,61.8,49.4977827339493,0.406347356890383
Cote d'Ivoire,2021,58.2,,
Cote d'Ivoire,2022,,,
Cote d'Ivoire,2023,,,
Cuba,2014,23.2,20.762060268269,2.35413332090837
Cuba,2015,21.1,21.4005165459257,2.57584418337596
Cuba,2016,19.2,19.7476038869862,2.39608281140947
Cuba,2017,22.0,20.1327865141339,2.31478144967474
Cuba,2018,24.0,20.9153664764928,2.35469857464228
Cuba,2019,23.1,20.3431122356184,2.15774090266798
Cuba,2020,24.5,21.2367242811561,2.15276967847473
Cuba,2021,20.9,,
Cuba,2022,,,
Cuba,2023,,,
Djibouti,2014,29.4,42.8427623405981,0.406607305525196
Djibouti,2015,24.8,45.1648934739259,0.443772428370827
Djibouti,2016,23.6,44.0959715411584,0.386480086703197
Djibouti,2017,23.3,44.0854038430172,0.387797733776952
Djibouti,2018,24.7,43.0573056895078,0.392452501801933
Djibouti,2019,23.4,39.7218573893781,0.398763866464803
Djibouti,2020,27.5,35.9243304831101,0.392329171237878
Djibouti,2021,26.6,,
Djibouti,2022,26.9,,
Djibouti,2023,,,
Dominica,2014,9.9,19.2837003253437,2.59474420146747
Dominica,2015,8.7,21.0213905070044,2.58402731155456
Dominica,2016,10.7,21.0269310891431,2.60435247948626
Dominica,2017,9.7,20.1703226562748,2.35217249264946
Dominica,2018,7.9,20.3127256712935,2.33398754641854
Dominica,2019,7.6,20.0434244381572,2.43741949935599
Dominica,2020,8.6,20.6672998234563,2.26126814362109
Dominica,2021,8.8,,
Dominica,2022,8.9,,
Dominica,2023,,,
Dominican Republic,2014,17.3,18.9396637119659,2.08621475250958
Dominican Republic,2015,14.9,19.9571847572804,2.26704601804065
Dominican Republic,2016,15.3,19.2491722418682,2.33609927132434
Dominican Republic,2017,16.9,19.1203299259262,2.21196208145507
Dominican Republic,2018,15.9,19.5892802619564,2.35622376638923
Dominican Republic,2019,14.4,19.4968181870994,2.36863439614581
Dominican Republic,2020,16.0,19.8267440369685,2.08018172191441
Dominican Republic,2021,14.8,,
Dominican Republic,2022,,,
Dominican Republic,2023,,,
Ecuador,2014,12.2,20.2791788990402,2.61945204390978
Ecuador,2015,13.1,20.1729639726852,2.55560326309705
Ecuador,2016,14.8,20.7399169622061,2.42048080897419
Ecuador,2017,17.0,19.2459328647667,2.30876380731708
Ecuador,2018,16.3,18.386683414634,2.36682982605683
Ecuador,2019,17.7,17.769931645036,2.28505501120289
Ecuador,2020,20.2,16.6570210758922,1.95757534925331
Ecuador,2021,18.9,,
Ecuador,2022,,,
Ecuador,2023,,,
"Egypt, Arab Rep.",2014,5.4,66.1214960792046,2.29224576651155
"Egypt, Arab Rep.",2015,5.3,67.6489631610219,2.31554239924709
"Egypt, Arab Rep.",2016,5.1,61.4577552982506,2.35935349574476
"Egypt, Arab Rep.",2017,4.9,58.9353384135579,2.40241649556664
"Egypt, Arab Rep.",2018,5.0,65.4631301601869,2.29401624327717
"Egypt, Arab Rep.",2019,6.2,67.7529020891301,2.06316078338081
"Egypt, Arab Rep.",2020,6.7,54.8587056496436,1.96112257208929
"Egypt, Arab Rep.",2021,6.1,,
"Egypt, Arab Rep.",2022,,,
"Egypt, Arab Rep.",2023,,,
El Salvador,2014,24.0,23.5624481373706,1.0616269261132
El Salvador,2015,21.0,23.9410831694199,1.12301811600134
El Salvador,2016,20.7,22.7554051143461,1.13992298228465
El Salvador,2017,25.0,22.1065954946575,1.01248608906763
El Salvador,2018,23.2,21.0853412269847,1.09058747913992
El Salvador,2019,19.4,18.2675885826061,1.25994054027114
El Salvador,2020,23.7,20.0287144500145,1.01328024350636
El Salvador,2021,21.9,,
El Salvador,2022,,,
El Salvador,2023,,,
Equatorial Guinea,2014,4.9,29.8573749067307,4.59132029991129
Equatorial Guinea,2015,5.5,38.4946753401213,4.07892363098592
Equatorial Guinea,2016,4.8,36.5313373748734,4.16755127322584
Equatorial Guinea,2017,5.0,32.7521931809298,3.70119404919301
Equatorial Guinea,2018,4.8,31.3913053457764,3.37429623105391
Equatorial Guinea,2019,7.4,31.5523784625482,3.13998883473672
Equatorial Guinea,2020,6.5,35.3790521811967,2.72573085162172
Equatorial Guinea,2021,5.2,,
Equatorial Guinea,2022,4.2,,
Equatorial Guinea,2023,,,
Eritrea,2014,80.5,35.7775635476002,0.178195686678652
Eritrea,2015,81.2,41.1496360897538,0.170927836656581
Eritrea,2016,81.4,39.6073262193782,0.172496431953649
Eritrea,2017,81.6,41.4045411789422,0.171174998152745
Eritrea,2018,80.8,41.5613821480188,0.196698529680667
Eritrea,2019,80.6,36.2661285542054,0.199267295412336
Eritrea,2020,80.9,32.3515206386852,0.198657542968412
Eritrea,2021,80.7,,
Eritrea,2022,,,
Eritrea,2023,,,
Eswatini,2014,68.3,20.7815505074161,0.868132502564695
Eswatini,2015,68.8,21.048617578007,0.895905941781547
Eswatini,2016,64.3,18.9203780644377,0.976784732749597
Eswatini,2017,65.3,20.2613215828667,0.960404380791912
Eswatini,2018,65.7,20.4243293115739,0.952924265874315
Eswatini,2019,64.4,21.1666365348853,0.999903386846761
Eswatini,2020,63.7,18.7831211422857,0.972087527685903
Eswatini,2021,65.4,,
Eswatini,2022,64.7,,
Eswatini,2023,,,
Ethiopia,2014,91.4,29.7131511992912,0.125220099867699
Ethiopia,2015,91.5,31.4436090208599,0.127315885004371
Ethiopia,2016,90.4,30.9271256840247,0.144807033553953
Ethiopia,2017,90.8,30.4120665058652,0.146790211829337
Ethiopia,2018,90.0,30.2623392192692,0.153230325883588
Ethiopia,2019,89.3,28.6876946331346,0.155169188831947
Ethiopia,2020,90.7,27.3053276470482,0.154431771590205
Ethiopia,2021,90.6,,
Ethiopia,2022,,,
Ethiopia,2023,,,
Fiji,2014,33.2,12.1427162201265,1.32552754598279
Fiji,2015,32.7,11.9373871022014,1.37788922808548
Fiji,2016,27.7,12.3284242671983,1.30513703067714
Fiji,2017,28.6,12.3080401904933,1.44839225304373
Fiji,2018,25.8,12.7353038744821,1.50947338182103
Fiji,2019,26.5,12.9123773053208,1.51720533716581
Fiji,2020,31.8,12.4187981716598,1.11709628844161
Fiji,2021,29.7,,
Fiji,2022,28.4,,
Fiji,2023,,,
Gabon,2014,81.3,26.2746903969533,3.03126056572549
Gabon,2015,81.9,30.7390246342706,3.01491187897365
Gabon,2016,81.5,29.7679660664056,3.05995668692354
Gabon,2017,90.2,27.1691084203468,2.4972724702892
Gabon,2018,90.3,27.0383051447292,2.33593611713804
Gabon,2019,90.2,27.5241895785238,2.35176354398661
Gabon,2020,91.3,29.9548734558765,2.33327357514897
Gabon,2021,91.3,,
Gabon,2022,,,
Gabon,2023,,,
"Gambia, The",2014,53.2,50.9583278982684,0.231519233044574
"Gambia, The",2015,49.0,63.7503934261079,0.260037911654572
"Gambia, The",2016,48.6,58.7910560945535,0.255997956159271
"Gambia, The",2017,48.0,64.5390631748347,0.252941606311487
"Gambia, The",2018,48.1,59.2734928704383,0.244507377758581
"Gambia, The",2019,47.4,54.8732916241171,0.241900479217245
"Gambia, The",2020,49.8,58.3640402179659,0.237529598930845
"Gambia, The",2021,48.6,,
"Gambia, The",2022,47.7,,
"Gambia, The",2023,,,
Georgia,2014,30.7,20.9791754789627,2.32671060548785
Georgia,2015,27.5,20.3304736500391,2.52314190948536
Georgia,2016,27.2,19.3139668885259,2.63275300770891
Georgia,2017,27.5,18.5342689563052,2.65748105420488
Georgia,2018,27.4,18.4542384404894,2.60970672866505
Georgia,2019,24.7,17.6183021493385,2.83579124666916
Georgia,2020,23.4,17.0438421058507,2.75470919618902
Georgia,2021,25.2,,
Georgia,2022,,,
Georgia,2023,,,
Ghana,2014,47.7,43.9627293584075,0.474057677945499
Ghana,2015,44.0,68.0112284884927,0.496024739617925
Ghana,2016,45.2,62.8889642906448,0.492155067910077
Ghana,2017,45.3,60.3590341738153,0.500789782048743
Ghana,2018,42.1,56.0041825783104,0.543393316646713
Ghana,2019,42.6,49.6566317016668,0.572264895729339
Ghana,2020,40.0,54.2427873097724,0.602887453142675
Ghana,2021,39.0,,
Ghana,2022,,,
Ghana,2023,,,
Grenada,2014,11.0,23.3249292849377,2.14881497304445
Grenada,2015,10.5,25.177742151728,2.29114136829719
Grenada,2016,10.4,25.0768814910495,2.31232182451695
Grenada,2017,10.2,24.3014719560486,2.37758536565195
Grenada,2018,10.7,24.0969881609342,2.62890067138331
Grenada,2019,10.4,24.2647371353562,2.82096411459861
Grenada,2020,10.3,24.6572416056476,2.62406702085507
Grenada,2021,10.2,,
Grenada,2022,10.0,,
Grenada,2023,,,
Guatemala,2014,66.2,26.7327979035299,0.914557101787262
Guatemala,2015,63.3,27.4004163899267,1.05707310890778
Guatemala,2016,63.2,25.2167964925021,1.1026182595186
Guatemala,2017,65.0,25.1845452119376,1.02751728089616
Guatemala,2018,64.0,23.2233964899274,1.10575367270347
Guatemala,2019,62.8,20.2102810509295,1.14537281500282
Guatemala,2020,65.5,21.6357355920496,1.00040733564819
Guatemala,2021,62.1,,
Guatemala,2022,,,
Guatemala,2023,,,
Guinea,2014,78.6,39.8496366263944,0.196384745395564
Guinea,2015,76.2,54.2776680884158,0.216953417676487
Guinea,2016,75.3,49.6336310986966,0.235227854196447
Guinea,2017,72.0,49.7395461030353,0.271355057259789
Guinea,2018,73.2,48.4123967434209,0.297494261984837
Guinea,2019,68.3,42.8781068854259,0.350765779082478
Guinea,2020,65.8,43.7674450148382,0.34364615086247
Guinea,2021,66.8,,
Guinea,2022,66.6,,
Guinea,2023,,,
Guinea-Bissau,2014,87.3,43.5593468461234,0.151206699443415
Guinea-Bissau,2015,87.2,56.920191943344,0.157581198477963
Guinea-Bissau,2016,86.8,52.6997265729536,0.166253123378351
Guinea-Bissau,2017,86.8,56.7814512632763,0.16310020182719
Guinea-Bissau,2018,86.6,54.1409784310321,0.165094768449133
Guinea-Bissau,2019,86.2,48.5028970455265,0.16508860634868
Guinea-Bissau,2020,87.2,50.2127655060307,0.163208368967987
Guinea-Bissau,2021,87.4,,
Guinea-Bissau,2022,87.4,,
Guinea-Bissau,2023,,,
Guyana,2014,24.0,24.2311867349748,2.74710077684509
Guyana,2015,25.0,25.8352498994325,2.7547610627908
Guyana,2016,21.3,25.3854930398264,3.26523837188623
Guyana,2017,22.1,25.2164770735339,3.24113136945596
Guyana,2018,16.8,25.7636448984049,3.29351227349226
Guyana,2019,11.3,26.0920734823741,3.50033114116629
Guyana,2020,12.0,25.460668047299,3.47277101663067
Guyana,2021,13.2,,
Guyana,2022,12.1,,
Guyana,2023,,,
Haiti,2014,77.8,20.7584161756086,0.290138810726091
Haiti,2015,76.1,21.5058632915395,0.310537245413729
Haiti,2016,76.1,20.5277983755891,0.314036533462437
Haiti,2017,76.2,20.7108631691211,0.30618371925255
Haiti,2018,76.2,21.5479155500506,0.298729952296593
Haiti,2019,76.4,20.938501996786,0.297241022260954
Haiti,2020,76.3,21.3502554448061,0.283815024249564
Haiti,2021,76.7,,
Haiti,2022,,,
Haiti,2023,,,
Honduras,2014,52.2,24.197048630279,1.08285131015576
Honduras,2015,50.8,24.6931989438968,1.13380970799413
Honduras,2016,52.7,22.8829846790784,1.09871281471182
Honduras,2017,45.6,22.0571250886782,0.974047356339701
Honduras,2018,48.9,20.5175969852982,0.922234078945353
Honduras,2019,46.2,18.1436603524166,1.02385531471622
Honduras,2020,50.2,20.3136833896573,0.872911171700029
Honduras,2021,45.9,,
Honduras,2022,,,
Honduras,2023,,,
India,2014,33.9,79.0373957134889,1.64246527737333
India,2015,33.4,73.810991410386,1.63132348717228
India,2016,33.0,75.7890035327013,1.63991401876928
India,2017,32.5,67.3122713926644,1.70492672078233
India,2018,32.9,68.1209525065052,1.79559529858433
India,2019,33.5,59.8919808842351,1.75253436625037
India,2020,36.1,48.3948115195574,1.57609323191648
India,2021,34.9,,
India,2022,,,
India,2023,,,
Indonesia,2014,29.3,18.5354648917633,1.89142782676209
Indonesia,2015,26.6,18.6712786457665,1.88756448144649
Indonesia,2016,27.8,19.1310042759597,1.84830385185678
Indonesia,2017,25.2,16.9555634840925,1.94857443086369
Indonesia,2018,22.0,18.4371895829409,2.12683683837158
Indonesia,2019,19.8,19.4270918962783,2.24528577070833
Indonesia,2020,21.9,17.8814994983985,2.07165896221472
Indonesia,2021,20.2,,
Indonesia,2022,,,
Indonesia,2023,,,
"Iran, Islamic Rep.",2014,0.9,36.3710361542807,7.57057831407027
"Iran, Islamic Rep.",2015,0.9,38.6980329606897,7.32579213851096
"Iran, Islamic Rep.",2016,1.0,37.4838145441593,7.28896617589145
"Iran, Islamic Rep.",2017,1.0,35.0159582592188,7.41290262847642
"Iran, Islamic Rep.",2018,1.0,37.6762291896797,7.44512790495015
"Iran, Islamic Rep.",2019,1.0,34.0157895718045,7.22298000274987
"Iran, Islamic Rep.",2020,0.9,32.2873733599003,7.06335132057733
"Iran, Islamic Rep.",2021,0.9,,
"Iran, Islamic Rep.",2022,,,
"Iran, Islamic Rep.",2023,,,
Iraq,2014,1.0,37.7947333258122,3.6478560889955
Iraq,2015,0.8,44.6439888371463,3.52694421151988
Iraq,2016,0.9,42.3367851899463,3.70255080483218
Iraq,2017,0.5,40.02670906993,3.94880897233655
Iraq,2018,0.5,41.7558636075287,4.14268046621517
Iraq,2019,0.9,37.7315693030309,4.34726413932218
Iraq,2020,1.1,38.1750699787954,3.84217781974399
Iraq,2021,1.1,,
Iraq,2022,,,
Iraq,2023,,,
Jamaica,2014,11.9,16.4597152483621,2.58257818248811
Jamaica,2015,12.1,16.8646376023948,2.53671122530592
Jamaica,2016,11.1,15.9558447798912,2.69365735479601
Jamaica,2017,11.0,16.6566414571584,2.57266121060713
Jamaica,2018,8.9,16.8426821458431,3.05458890724385
Jamaica,2019,9.2,17.0706325020849,2.98328969678791
Jamaica,2020,11.7,17.413637041591,2.06904180772051
Jamaica,2021,10.5,,
Jamaica,2022,,,
Jamaica,2023,,,
Jordan,2014,3.1,30.2022455384946,2.95137713839159
Jordan,2015,3.2,32.1142375115077,2.66573038027454
Jordan,2016,4.7,28.3754804489745,2.4817715734492
Jordan,2017,5.3,28.3831683592571,2.54731566057105
Jordan,2018,7.2,30.8911213683016,2.36236318537572
Jordan,2019,8.5,31.2597313487439,2.16362144761182
Jordan,2020,10.7,28.7737639174179,1.9191724264898
Jordan,2021,11.5,,
Jordan,2022,,,
Jordan,2023,,,
Kazakhstan,2014,1.3,23.8358367012493,12.1042254914238
Kazakhstan,2015,1.7,22.5590495991917,10.8910512947587
Kazakhstan,2016,2.1,22.7637525232887,11.3788397304605
Kazakhstan,2017,2.0,21.0166106765309,11.9137581041033
Kazakhstan,2018,1.9,20.5938700993782,11.8675495659661
Kazakhstan,2019,1.9,20.8569853852639,11.0508703486337
Kazakhstan,2020,1.8,20.0278724259165,11.2977433059429
Kazakhstan,2021,2.0,,
Kazakhstan,2022,,,
Kazakhstan,2023,,,
Kenya,2014,71.8,23.7513870283134,0.364375325524079
Kenya,2015,69.2,24.7760612569464,0.386120073710359
Kenya,2016,68.3,24.0211862534612,0.403178474765564
Kenya,2017,68.1,19.9015512654464,0.41058150997657
Kenya,2018,68.7,20.9875653334569,0.385437968227287
Kenya,2019,68.1,19.5705272264405,0.382362032876395
Kenya,2020,69.0,24.3917906517518,0.374079219355755
Kenya,2021,67.7,,
Kenya,2022,,,
Kenya,2023,,,
Kiribati,2014,48.0,10.9972287903393,0.522676870896204
Kiribati,2015,47.5,10.6201442272271,0.520105906243841
Kiribati,2016,48.1,11.1067056212411,0.47842852682828
Kiribati,2017,42.5,10.970038581704,0.60401123278111
Kiribati,2018,42.3,11.3366995948348,0.598719133656685
Kiribati,2019,42.2,11.5481206795464,0.592397034795277
Kiribati,2020,42.2,11.2568272545112,0.449933972782553
Kiribati,2021,42.2,,
Kiribati,2022,41.9,,
Kiribati,2023,,,
"Korea, Dem. People's Rep.",2014,18.5,44.199470157423,1.24266246960187
"Korea, Dem. People's Rep.",2015,22.6,42.5382454893687,0.993803353113853
"Korea, Dem. People's Rep.",2016,24.0,38.6220301922284,1.10784288896746
"Korea, Dem. People's Rep.",2017,10.2,39.168240982399,2.12750106098759
"Korea, Dem. People's Rep.",2018,11.9,34.1978293742031,1.95495002388823
"Korea, Dem. People's Rep.",2019,10.0,31.1237582148846,2.15676369121383
"Korea, Dem. People's Rep.",2020,11.2,29.9291062464217,2.02714861876503
"Korea, Dem. People's Rep.",2021,14.7,,
"Korea, Dem. People's Rep.",2022,,,
"Korea, Dem. People's Rep.",2023,,,
Kyrgyz Republic,2014,26.6,30.5484635194377,1.687687430383
Kyrgyz Republic,2015,23.5,29.7484121402712,1.72348033373063
Kyrgyz Republic,2016,22.2,29.0193222002259,1.59151245990624
Kyrgyz Republic,2017,24.7,26.8562254174832,1.52286147591236
Kyrgyz Republic,2018,23.4,27.4518144818682,1.78825836654647
Kyrgyz Republic,2019,28.3,26.7613844313409,1.55159381679626
Kyrgyz Republic,2020,30.0,24.3817252281764,1.37997537956504
Kyrgyz Republic,2021,27.6,,
Kyrgyz Republic,2022,,,
Kyrgyz Republic,2023,,,
Lao PDR,2014,58.2,21.3928997917018,0.649260982740074
Lao PDR,2015,53.3,20.1670988613747,1.3076988469402
Lao PDR,2016,51.7,22.463787282601,2.27853328869775
Lao PDR,2017,50.6,19.1515982168711,2.72288168036289
Lao PDR,2018,50.2,20.9840690040935,2.76759794432264
Lao PDR,2019,50.5,22.4289603771825,2.65817514097581
Lao PDR,2020,50.6,22.3176670505669,2.6202834413044
Lao PDR,2021,51.5,,
Lao PDR,2022,49.2,,
Lao PDR,2023,,,
Lebanon,2014,4.2,20.3631198495282,4.00854782860099
Lebanon,2015,4.2,20.6861467732003,4.2220742810528
Lebanon,2016,4.0,19.360236111926,4.43470037080065
Lebanon,2017,4.0,18.8914613898948,4.77487260306172
Lebanon,2018,4.7,19.9808899582131,4.60461121532611
Lebanon,2019,5.1,20.5970090578064,4.65529798386588
Lebanon,2020,6.3,19.2310172881236,3.79219353680069
Lebanon,2021,6.8,,
Lebanon,2022,,,
Lebanon,2023,,,
Lesotho,2014,43.2,26.801156032785,1.12111154701939
Lesotho,2015,46.0,25.8911063728927,1.01212119209581
Lesotho,2016,45.1,25.3734080229079,0.991756970565407
Lesotho,2017,41.5,22.4347012157399,1.10673601100517
Lesotho,2018,42.5,23.0240026773582,1.03575177080068
Lesotho,2019,41.6,21.1810593859544,1.03342675704115
Lesotho,2020,43.2,23.4391013240086,1.02564216316934
Lesotho,2021,33.6,,
Lesotho,2022,34.9,,
Lesotho,2023,,,
Liberia,2014,91.2,34.3461135841224,0.266650558326574
Liberia,2015,91.9,51.1180873244019,0.270535774876424
Liberia,2016,92.8,48.301426780699,0.297038076350742
Liberia,2017,93.6,41.5068237111279,0.264435600737267
Liberia,2018,94.4,42.0381017982909,0.230417244192579
Liberia,2019,89.7,37.1591253581791,0.229916460209228
Liberia,2020,93.0,42.3616590279287,0.231838923937177
Liberia,2021,93.2,,
Liberia,2022,92.8,,
Liberia,2023,,,
Libya,2014,2.3,36.2943652311609,9.72308866003998
Libya,2015,2.9,36.08680012119,8.28960787179427
Libya,2016,2.8,38.1668032978199,7.75123857963044
Libya,2017,2.9,33.6859220495799,8.16760242329375
Libya,2018,2.9,41.4209740874326,8.35162531436247
Libya,2019,3.0,36.4844732200514,8.32576759513649
Libya,2020,3.2,32.9707065002742,6.68280547080212
Libya,2021,3.1,,
Libya,2022,,,
Libya,2023,,,
Madagascar,2014,82.2,15.00220058015,0.124323710925382
Madagascar,2015,83.9,16.0777176618248,0.132173016426922
Madagascar,2016,83.8,16.138736457425,0.124763836603653
Madagascar,2017,81.9,12.5514997924024,0.133017230488787
Madagascar,2018,84.2,12.7238095692816,0.123102264831808
Madagascar,2019,82.5,12.7945386496097,0.142653575143316
Madagascar,2020,84.7,12.7535199510191,0.0972695405949093
Madagascar,2021,83.6,,
Madagascar,2022,83.1,,
Madagascar,2023,,,
Malawi,2014,82.8,25.9973398435068,0.0634544336358019
Malawi,2015,81.0,25.0076393017599,0.0643204280409013
Malawi,2016,78.9,24.9604610605181,0.0702973935321135
Malawi,2017,76.9,21.2909459360983,0.0779926724021984
Malawi,2018,73.2,21.1973847101807,0.087620331640832
Malawi,2019,70.9,22.3370229833525,0.0871188127927116
Malawi,2020,71.5,23.6983194353464,0.0846361581872504
Malawi,2021,71.1,,
Malawi,2022,62.9,,
Malawi,2023,,,
Malaysia,2014,3.0,17.1052502297433,7.71943595304507
Malaysia,2015,3.4,16.9297330913892,7.60342044388986
Malaysia,2016,4.4,16.3864419259472,7.34842125102826
Malaysia,2017,5.2,14.9450075810201,7.03982567319804
Malaysia,2018,5.3,16.6541753286852,7.4523713820598
Malaysia,2019,5.7,17.8197510834605,7.46499971649816
Malaysia,2020,7.0,16.1938532237922,7.38371541222915
Malaysia,2021,7.5,,
Malaysia,2022,,,
Malaysia,2023,,,
Maldives,2014,1.2,11.7258427261492,3.25192327073605
Maldives,2015,1.5,10.8085614263778,3.07473678893985
Maldives,2016,1.2,12.3754871852488,3.22706339212596
Maldives,2017,1.3,11.3333706146388,3.27257102459138
Maldives,2018,1.3,12.5034619255463,3.62648491704066
Maldives,2019,1.3,12.3139819141366,3.96326718307737
Maldives,2020,1.6,12.0123911668511,2.82638529813116
Maldives,2021,1.4,,
Maldives,2022,1.2,,
Maldives,2023,,,
Mali,2014,84.6,56.4785819386307,0.180858798982259
Mali,2015,81.2,74.1479908356132,0.184608688158118
Mali,2016,77.9,66.1872302945193,0.18227704163816
Mali,2017,77.0,66.774344334826,0.187961952954622
Mali,2018,77.2,63.6849309047317,0.194032415889438
Mali,2019,74.9,57.3904374306355,0.191438655613848
Mali,2020,72.8,56.7830489222988,0.195565971417317
Mali,2021,71.2,,
Mali,2022,71.1,,
Mali,2023,,,
Marshall Islands,2014,12.2,10.5406282383918,2.85804954481445
Marshall Islands,2015,11.7,10.2729137216564,2.96093908115766
Marshall Islands,2016,12.1,10.3445553141009,3.03130625504356
Marshall Islands,2017,12.0,10.3834288658063,3.16400703583614
Marshall Islands,2018,12.0,10.5429075377745,3.28556828806889
Marshall Islands,2019,12.1,10.8031103210849,3.40502593453765
Marshall Islands,2020,12.0,10.7256194470999,2.53380323866123
Marshall Islands,2021,12.1,,
Marshall Islands,2022,12.2,,
Marshall Islands,2023,,,
Mauritania,2014,31.0,64.1516470310952,0.65948093945265
Mauritania,2015,28.3,83.0276343912381,0.751732037240701
Mauritania,2016,31.7,76.5480652857383,0.637776445066376
Mauritania,2017,25.5,79.9744180761698,0.819299930408905
Mauritania,2018,21.6,75.8344786877967,0.870135939862018
Mauritania,2019,21.2,72.1994109024446,0.872475306517173
Mauritania,2020,20.9,70.8224442103687,0.855176405836122
Mauritania,2021,22.1,,
Mauritania,2022,19.6,,
Mauritania,2023,,,
Mauritius,2014,10.6,9.44659217541541,3.13144223633215
Mauritius,2015,11.5,9.13027374403697,3.13640499208554
Mauritius,2016,10.3,8.98829540881102,3.19328156664269
Mauritius,2017,9.4,8.99594985085889,3.30021575049787
Mauritius,2018,9.2,9.64568180967703,3.26641523984712
Mauritius,2019,8.9,9.27666690706869,3.296800515014
Mauritius,2020,9.4,9.15296880580014,2.93851410805884
Mauritius,2021,8.6,,
Mauritius,2022,,,
Mauritius,2023,,,
Mexico,2014,9.8,19.667850241261,3.8923552480392
Mexico,2015,9.2,19.4864853369113,3.92536832553423
Mexico,2016,9.2,18.8449182383899,3.92032302445388
Mexico,2017,10.1,18.3002285485373,3.86275941197886
Mexico,2018,10.3,16.652186272493,3.58748930492536
Mexico,2019,10.3,14.7051077997851,3.6121651406375
Mexico,2020,12.3,14.9923440243315,3.04076637477226
Mexico,2021,13.0,,
Mexico,2022,,,
Mexico,2023,,,
Moldova,2014,24.3,18.7371163449526,2.69863514608188
Moldova,2015,24.7,18.1478989162811,2.82816016203229
Moldova,2016,25.3,17.0561198558818,2.90490891435674
Moldova,2017,26.1,15.1423919470871,2.92684095356072
Moldova,2018,25.3,17.080793755092,3.16042055213444
Moldova,2019,22.0,15.7728170076841,3.34866737931946
Moldova,2020,22.3,14.7583463021422,3.26784636811087
Moldova,2021,21.4,,
Moldova,2022,,,
Moldova,2023,,,
Mongolia,2014,3.3,32.6310214465256,6.24288838830339
Mongolia,2015,3.5,33.6018162552522,5.83543497274137
Mongolia,2016,3.4,34.394850770545,5.99850473089282
Mongolia,2017,1.8,31.4066965937798,6.32277465011644
Mongolia,2018,2.1,30.340789040395,6.80965906666612
Mongolia,2019,2.3,31.0839271991388,7.16083565614723
Mongolia,2020,2.9,29.6547866481682,6.43064533509798
Mongolia,2021,3.0,,
Mongolia,2022,,,
Mongolia,2023,,,
Montenegro,2014,46.0,22.8933751545525,3.567649281935
Montenegro,2015,43.0,22.5226135295586,3.79179598784234
Montenegro,2016,43.9,20.7818361159159,3.45603347565414
Montenegro,2017,37.8,21.1885834911776,3.64251019886788
Montenegro,2018,40.6,22.0010575045609,4.01830843084598
Montenegro,2019,38.7,18.3231957596321,4.18164455619361
Montenegro,2020,39.6,17.9824100566499,4.06756091201437
Montenegro,2021,39.6,,
Montenegro,2022,,,
Montenegro,2023,,,
Morocco,2014,11.1,22.5756463722019,1.71369617616228
Morocco,2015,11.2,25.6535487891636,1.74053353043953
Morocco,2016,11.1,24.7545943744621,1.71730556958241
Morocco,2017,10.4,28.0161565066814,1.7736629145678
Morocco,2018,10.9,23.1856283839847,1.78932796096006
Morocco,2019,10.7,20.9299059936918,1.95530801659126
Morocco,2020,11.1,21.3212642117301,1.81852638730999
Morocco,2021,10.9,,
Morocco,2022,,,
Morocco,2023,,,
Mozambique,2014,81.2,21.6145857091373,0.18523579360939
Mozambique,2015,80.1,21.5758950473476,0.204084856205542
Mozambique,2016,77.4,21.069117727762,0.261542138205007
Mozambique,2017,78.2,18.7547986602318,0.250697939802182
Mozambique,2018,79.0,18.8259193532117,0.233657167828116
Mozambique,2019,77.5,19.5945644695986,0.248639658557146
Mozambique,2020,80.2,20.0802484321177,0.222767552715213
Mozambique,2021,76.9,,
Mozambique,2022,,,
Mozambique,2023,,,
Myanmar,2014,72.0,31.2218892689358,0.333541952061969
Myanmar,2015,70.0,29.9150539220144,0.369707459697779
Myanmar,2016,68.8,31.1703866445543,0.421272122408643
Myanmar,2017,59.5,28.1336717956987,0.621496099866699
Myanmar,2018,59.4,31.5559916967562,0.622498220579214
Myanmar,2019,58.5,32.1642279603857,0.640928810767197
Myanmar,2020,59.2,32.3150340028667,0.634080348390974
Myanmar,2021,62.9,,
Myanmar,2022,,,
Myanmar,2023,,,
Namibia,2014,30.2,21.055359356351,1.75305316404228
Namibia,2015,29.3,22.11922822913,1.81245575422832
Namibia,2016,29.2,21.0604148441707,1.78707315981392
Namibia,2017,30.2,19.7391225085732,1.78639850389125
Namibia,2018,30.9,19.9748546561693,1.77883176482325
Namibia,2019,30.2,19.3878496864904,1.76417165717612
Namibia,2020,31.2,19.9945355710926,1.58804514727825
Namibia,2021,30.0,,
Namibia,2022,,,
Namibia,2023,,,
Nauru,2014,0.0,5.44762950932866,4.62522851919561
Nauru,2015,0.1,5.64757051079538,4.87259722843093
Nauru,2016,0.2,6.08542537261406,4.60785170936434
Nauru,2017,0.6,6.44256644272133,4.79369970895395
Nauru,2018,0.7,6.14206344633958,4.52868165045287
Nauru,2019,0.6,6.02606444596139,4.40158259149357
Nauru,2020,1.3,6.06435493209495,3.36175395858709
Nauru,2021,1.6,,
Nauru,2022,1.9,,
Nauru,2023,,,
Nepal,2014,84.0,75.117974167847,0.259710599034175
Nepal,2015,85.2,70.9361955250807,0.260272198896608
Nepal,2016,79.4,72.4074854195922,0.38532817662536
Nepal,2017,76.8,64.6442716077629,0.470677340646946
Nepal,2018,75.0,64.2108322791754,0.531081943087649
Nepal,2019,78.2,57.2750179345088,0.480724943133609
Nepal,2020,73.1,45.7207706412594,0.509366247354604
Nepal,2021,73.7,,
Nepal,2022,,,
Nepal,2023,,,
Nicaragua,2014,53.0,20.337626285854,0.766443602468546
Nicaragua,2015,50.0,20.8100394575554,0.839345517843812
Nicaragua,2016,49.5,19.6627564192395,0.846846296935392
Nicaragua,2017,48.9,19.1972180629137,0.837724433734761
Nicaragua,2018,51.3,17.5246038706428,0.764549887382264
Nicaragua,2019,50.5,14.9843484599445,0.770101819888702
Nicaragua,2020,52.2,16.809772538789,0.678252104273379
Nicaragua,2021,50.4,,
Nicaragua,2022,,,
Nicaragua,2023,,,
Niger,2014,78.1,71.6549794121069,0.111334835913292
Niger,2015,78.9,107.144665250434,0.104907441945409
Niger,2016,80.2,104.911460730569,0.100195284876599
Niger,2017,82.0,88.7878831964248,0.0874508612184734
Niger,2018,82.0,86.0227651747159,0.0866494651340312
Niger,2019,80.7,72.4703210969872,0.092100576055693
Niger,2020,81.9,85.1223455605238,0.0903255776910309
Niger,2021,79.6,,
Niger,2022,,,
Niger,2023,,,
Nigeria,2014,79.9,48.1823551711454,0.640072080671911
Nigeria,2015,81.3,77.1229282609024,0.58559167537452
Nigeria,2016,81.1,65.4340626973271,0.587371085185034
Nigeria,2017,81.6,63.2053051290842,0.560638215463648
Nigeria,2018,80.8,57.0231990642382,0.572783212388204
Nigeria,2019,80.1,51.7218388551219,0.588005207479626
Nigeria,2020,81.8,56.5313287289257,0.537510175389551
Nigeria,2021,80.3,,
Nigeria,2022,,,
Nigeria,2023,,,
North Macedonia,2014,21.2,33.7775349314159,3.60000212820397
North Macedonia,2015,23.9,31.8724776060607,3.44991319788274
North Macedonia,2016,21.4,30.0799243464009,3.35958195214452
North Macedonia,2017,19.0,30.4645094005313,3.5845711404472
North Macedonia,2018,20.9,31.0045303573284,3.34772328711305
North Macedonia,2019,17.0,25.8786881284068,3.83113737507789
North Macedonia,2020,20.0,26.118651401474,3.27942018720106
North Macedonia,2021,19.5,,
North Macedonia,2022,,,
North Macedonia,2023,,,
Pakistan,2014,47.2,71.7121701033462,0.740619420271711
Pakistan,2015,45.9,68.0068767608943,0.778086202855925
Pakistan,2016,43.7,68.5228297189002,0.848207168777178
Pakistan,2017,42.1,61.7967274713574,0.918472672488548
Pakistan,2018,43.4,62.3894976390133,0.850427079681196
Pakistan,2019,45.9,52.8571976958305,0.824459652346009
Pakistan,2020,42.7,42.9981734249878,0.81036021551031
Pakistan,2021,41.6,,
Pakistan,2022,,,
Pakistan,2023,,,
Palau,2014,0.3,7.36831173894939,12.2387053270398
Palau,2015,0.4,8.9368293884579,11.2903225806452
Palau,2016,0.6,7.01158253537855,11.6692860350247
Palau,2017,0.6,7.00179922406389,11.9414699781353
Palau,2018,0.6,7.89247642068436,11.8618450515002
Palau,2019,0.9,7.7458949684632,12.1344050011163
Palau,2020,0.9,7.32770979431049,8.80258179390162
Palau,2021,0.9,,
Palau,2022,0.9,,
Palau,2023,,,
Panama,2014,19.8,14.8554074199235,2.76643678385556
Panama,2015,22.0,14.7706187901647,2.68123188224505
Panama,2016,22.1,13.8724498973293,2.64568083736678
Panama,2017,23.6,13.844753026596,2.47466896871459
Panama,2018,24.5,13.2136956449094,2.38131879080632
Panama,2019,19.0,11.8842931085395,3.09505043316861
Panama,2020,28.5,11.4700607490209,2.23144302481653
Panama,2021,28.0,,
Panama,2022,,,
Panama,2023,,,
Papua New Guinea,2014,56.9,16.3724587034254,0.6896023736811
Papua New Guinea,2015,55.3,16.8683385698187,0.733652654277604
Papua New Guinea,2016,54.8,16.1543562654462,0.737248612763731
Papua New Guinea,2017,54.7,15.9304225286163,0.713597978495624
Papua New Guinea,2018,53.4,16.9173285412659,0.762549780383734
Papua New Guinea,2019,53.2,16.8882962616477,0.782552890305524
Papua New Guinea,2020,53.6,17.3105425567239,0.563251566211675
Papua New Guinea,2021,54.5,,
Papua New Guinea,2022,54.6,,
Papua New Guinea,2023,,,
Paraguay,2014,62.5,11.4592064094704,0.924028534552806
Paraguay,2015,60.5,10.4338184152061,1.03068169862171
Paraguay,2016,62.5,10.4105012225018,1.14776478210326
Paraguay,2017,60.1,10.2879780314547,1.24632517460731
Paraguay,2018,59.2,10.4898126276478,1.29748167406657
Paraguay,2019,60.1,10.1222564891858,1.24066887329392
Paraguay,2020,61.5,10.0891599097852,1.14459119207034
Paraguay,2021,58.8,,
Paraguay,2022,,,
Paraguay,2023,,,
Peru,2014,28.6,32.9197109468005,1.75159405113357
Peru,2015,27.4,32.8751693157181,1.7763005780535
Peru,2016,27.2,33.739432290958,1.8263804846975
Peru,2017,27.6,32.7083066880238,1.71724301281113
Peru,2018,27.9,30.6265686811297,1.69513088210562
Peru,2019,27.1,29.1117854585642,1.73564177469023
Peru,2020,31.6,27.0356284968814,1.39856601861908
Peru,2021,30.6,,
Peru,2022,,,
Peru,2023,,,
Philippines,2014,32.4,20.3368824432152,1.00490794980017
Philippines,2015,30.8,19.7079275985218,1.07725351401488
Philippines,2016,28.6,19.9069716374648,1.15275130744364
Philippines,2017,27.8,18.3327018141416,1.25031454207887
Philippines,2018,27.6,20.5885077839401,1.28139072984074
Philippines,2019,26.9,21.5254371973976,1.32152779028498
Philippines,2020,29.1,20.2887417122616,1.18967945167284
Philippines,2021,28.0,,
Philippines,2022,,,
Philippines,2023,,,
Rwanda,2014,88.0,31.8689793191915,0.0812705266531034
Rwanda,2015,86.3,31.2574810856465,0.0927977157696768
Rwanda,2016,85.5,31.6862299869281,0.0962207458130356
Rwanda,2017,84.5,30.3553527446531,0.102654554383161
Rwanda,2018,82.8,30.1816687853678,0.111987033315544
Rwanda,2019,81.8,30.0071642427631,0.113057797770289
Rwanda,2020,81.7,31.2882654917538,0.105124140047262
Rwanda,2021,79.4,,
Rwanda,2022,79.9,,
Rwanda,2023,,,
Samoa,2014,41.4,12.5788519302582,1.02747364403713
Samoa,2015,37.1,12.4224418408037,1.14112520938641
Samoa,2016,36.8,12.5098893074638,1.20022963453081
Samoa,2017,35.8,12.0891380416294,1.22910947358282
Samoa,2018,36.6,12.8245995074982,1.18597431581156
Samoa,2019,34.2,12.8726726678327,1.31521200537977
Samoa,2020,35.6,12.5518952802963,0.960782397908146
Samoa,2021,36.0,,
Samoa,2022,35.9,,
Samoa,2023,,,
Senegal,2014,42.5,54.8894665378893,0.613587044752342
Senegal,2015,39.1,70.740985096638,0.64679457579979
Senegal,2016,36.7,62.2452907130405,0.686906342711816
Senegal,2017,36.8,68.9961611199396,0.646584895307648
Senegal,2018,34.2,61.8009740540162,0.65339707602786
Senegal,2019,36.2,60.3429016299635,0.768574983933597
Senegal,2020,38.7,63.7402211262202,0.649800561203009
Senegal,2021,35.4,,
Senegal,2022,,,
Senegal,2023,,,
Serbia,2014,23.2,28.0367329195926,5.4666972205331
Serbia,2015,21.2,27.8632692496949,6.39995050302429
Serbia,2016,20.9,25.5339499000416,6.60709443405954
Serbia,2017,20.0,26.2823086047504,6.7431359528992
Serbia,2018,21.0,27.1283419584164,6.61535438641515
Serbia,2019,21.4,22.6362588980641,6.62757991630233
Serbia,2020,26.0,22.5075355689004,6.71451717217514
Serbia,2021,27.2,,
Serbia,2022,,,
Serbia,2023,,,
Seychelles,2014,1.4,9.06745868961229,4.99896014623628
Seychelles,2015,1.4,9.00174536475684,5.35008938224558
Seychelles,2016,1.2,9.9122300080876,5.97399579623351
Seychelles,2017,1.2,9.84794743856559,5.95452980395021
Seychelles,2018,1.2,9.35591484940797,6.22455096008764
Seychelles,2019,1.2,9.43411735985982,6.09782330345711
Seychelles,2020,1.3,8.49983857722866,6.08051837257013
Seychelles,2021,1.7,,
Seychelles,2022,1.9,,
Seychelles,2023,,,
Sierra Leone,2014,73.0,36.2193735145078,0.159312379983553
Sierra Leone,2015,74.0,51.8061671080408,0.148261607024579
Sierra Leone,2016,73.6,48.7036743850653,0.156233465747467
Sierra Leone,2017,74.6,44.7073767568936,0.145879585519628
Sierra Leone,2018,75.9,44.3351501101334,0.132764621949018
Sierra Leone,2019,75.4,38.5920982937814,0.129094346244259
Sierra Leone,2020,75.1,43.2210935036927,0.127277607278142
Sierra Leone,2021,71.1,,
Sierra Leone,2022,71.6,,
Sierra Leone,2023,,,
Solomon Islands,2014,45.9,13.6743436010117,0.570328520611006
Solomon Islands,2015,48.6,13.388977783012,0.496360134495479
Solomon Islands,2016,48.7,13.4720259543338,0.474604443227374
Solomon Islands,2017,49.0,13.434058342961,0.458335016484524
Solomon Islands,2018,48.6,14.2731157049398,0.456428451161852
Solomon Islands,2019,48.4,14.3002352896823,0.451560238402472
Solomon Islands,2020,49.0,13.9542830081778,0.323065549175264
Solomon Islands,2021,49.1,,
Solomon Islands,2022,50.1,,
Solomon Islands,2023,,,
Somalia,2014,94.6,25.4404864168862,0.0485302122924421
Somalia,2015,94.5,24.732373356369,0.046948882097858
Somalia,2016,94.8,25.3011395270495,0.0457851399374806
Somalia,2017,94.9,26.6404683683977,0.0440588174785614
Somalia,2018,94.9,27.0888470741344,0.0425732267936332
Somalia,2019,95.0,22.8360439242082,0.041029202880867
Somalia,2020,95.5,24.525108218562,0.0399346532651356
Somalia,2021,95.4,,
Somalia,2022,95.4,,
Somalia,2023,,,
South Africa,2014,7.6,24.5484834922425,8.19115252745267
South Africa,2015,7.6,24.5964053006527,7.60718852417825
South Africa,2016,7.8,24.1476891116721,7.54458957113285
South Africa,2017,7.9,23.754937395964,7.68370781068603
South Africa,2018,8.0,23.8122504048776,7.66737702463575
South Africa,2019,8.7,23.1897720637682,7.68890762322173
South Africa,2020,9.8,23.753069242361,6.68756314737781
South Africa,2021,9.7,,
South Africa,2022,,,
South Africa,2023,,,
South Sudan,2014,29.4,31.496531102241,0.13551783759334
South Sudan,2015,27.5,38.2593644496253,0.175928836633719
South Sudan,2016,28.7,35.2985387463615,0.156351308793835
South Sudan,2017,35.1,35.0660036732304,0.141871639801971
South Sudan,2018,31.5,34.3895571040528,0.170162964539169
South Sudan,2019,31.4,33.3599794728451,0.174641876951273
South Sudan,2020,32.8,30.7373478613476,0.16430913651009
South Sudan,2021,32.4,,
South Sudan,2022,,,
South Sudan,2023,,,
Sri Lanka,2014,54.2,19.7831265390581,0.821974874404746
Sri Lanka,2015,51.3,17.9117046245301,0.901775002944458
Sri Lanka,2016,45.1,19.521371968942,1.08130995719399
Sri Lanka,2017,45.8,18.3492016336564,1.0759613709386
Sri Lanka,2018,47.9,20.8478350946817,1.00093677895708
Sri Lanka,2019,46.1,19.779803654502,1.07452644131542
Sri Lanka,2020,49.3,19.9644408635608,0.99668324284867
Sri Lanka,2021,48.8,,
Sri Lanka,2022,,,
Sri Lanka,2023,,,
St. Lucia,2014,11.7,22.2578153815924,2.89409853321434
St. Lucia,2015,11.5,23.9677087919965,2.85384032843079
St. Lucia,2016,11.2,24.0761301376266,2.86543508698339
St. Lucia,2017,10.2,23.0833259465748,2.99667537804169
St. Lucia,2018,10.2,23.2729579590218,2.96759758949451
St. Lucia,2019,10.0,23.070500576614,2.9935660169221
St. Lucia,2020,10.0,23.7585855502375,2.78513922906543
St. Lucia,2021,9.7,,
St. Lucia,2022,9.7,,
St. Lucia,2023,,,
St. Vincent and the Grenadines,2014,3.3,22.4680502987672,2.50205776713559
St. Vincent and the Grenadines,2015,4.3,24.2045950887733,2.31494524896227
St. Vincent and the Grenadines,2016,4.1,24.3309858655746,2.40838783348905
St. Vincent and the Grenadines,2017,5.3,23.4527926838875,2.13265876512331
St. Vincent and the Grenadines,2018,4.9,23.3995682726088,2.39644380277543
St. Vincent and the Grenadines,2019,5.4,23.4062454360865,2.24066943692577
St. Vincent and the Grenadines,2020,5.2,23.9262758481858,2.100695771848
St. Vincent and the Grenadines,2021,5.0,,
St. Vincent and the Grenadines,2022,5.1,,
St. Vincent and the Grenadines,2023,,,
Sudan,2014,63.7,49.516943286103,0.450190246828352
Sudan,2015,61.9,61.1105056197826,0.504548222221489
Sudan,2016,58.9,59.3119232873813,0.546080394961862
Sudan,2017,59.4,59.8168448508968,0.530471761090042
Sudan,2018,59.8,58.6936576687446,0.515971084018811
Sudan,2019,59.4,51.9356218340372,0.511922936509227
Sudan,2020,62.6,45.8349025581217,0.467953928316626
Sudan,2021,61.0,,
Sudan,2022,,,
Sudan,2023,,,
Suriname,2014,12.8,25.5794924051723,4.59905701777483
Suriname,2015,11.6,27.4211368815622,4.73365480689865
Suriname,2016,11.1,27.0335291242088,5.08189999879612
Suriname,2017,15.5,26.7797937382992,4.16014391746191
Suriname,2018,18.3,29.6641934243254,3.61542154063819
Suriname,2019,14.9,29.9904120028237,4.42581305045302
Suriname,2020,14.6,27.3059698425997,4.28507655687612
Suriname,2021,14.5,,
Suriname,2022,,,
Suriname,2023,,,
Syrian Arab Republic,2014,2.7,25.7324188924062,1.32540815590414
Syrian Arab Republic,2015,0.6,26.9795023656779,1.31530673654782
Syrian Arab Republic,2016,1.3,25.5706170226563,1.29080229475964
Syrian Arab Republic,2017,1.1,24.5814440559142,1.35878908347847
Syrian Arab Republic,2018,0.9,25.9590823017321,1.46394362975738
Syrian Arab Republic,2019,1.0,26.4725611273339,1.33545948848982
Syrian Arab Republic,2020,1.1,24.7058382627422,1.21480248375323
Syrian Arab Republic,2021,1.1,,
Syrian Arab Republic,2022,,,
Syrian Arab Republic,2023,,,
Tajikistan,2014,45.9,46.6700130134501,0.550493445625862
Tajikistan,2015,48.1,45.5749888542868,0.575406352580923
Tajikistan,2016,43.7,44.7655503683053,0.629971308782098
Tajikistan,2017,44.2,42.5053360629934,0.757120729592937
Tajikistan,2018,41.6,42.3335064710739,0.887070870578997
Tajikistan,2019,40.1,40.2890496610835,0.960233171179232
Tajikistan,2020,38.8,37.0534062306267,0.977533024275801
Tajikistan,2021,34.9,,
Tajikistan,2022,,,
Tajikistan,2023,,,
Tanzania,2014,84.7,24.2244900980476,0.198919396160375
Tanzania,2015,82.8,25.1682619442571,0.20489763178503
Tanzania,2016,81.7,25.3938175391915,0.195708590682345
Tanzania,2017,82.0,21.0006603142176,0.207213701977385
Tanzania,2018,81.3,21.2944892567993,0.206899782120787
Tanzania,2019,80.4,20.7785687915826,0.249877326981355
Tanzania,2020,80.8,25.081431153535,0.233945592120175
Tanzania,2021,78.3,,
Tanzania,2022,,,
Tanzania,2023,,,
Thailand,2014,24.4,29.9705384622081,3.73604169400633
Thailand,2015,22.6,28.1544413826202,3.82467609758428
Thailand,2016,22.4,30.3985996204755,3.7944702310621
Thailand,2017,22.2,27.1006744719071,3.76789668093416
Thailand,2018,23.7,30.0080973964844,3.71842785188273
Thailand,2019,23.9,30.382756547172,3.84904375698898
Thailand,2020,20.9,31.0072016277159,3.71425580600412
Thailand,2021,19.0,,
Thailand,2022,,,
Thailand,2023,,,
Timor-Leste,2014,18.1,16.8069047821014,0.379632521121174
Timor-Leste,2015,18.0,15.7619976595415,0.36257695015728
Timor-Leste,2016,12.7,16.2081039517126,0.423743346600662
Timor-Leste,2017,13.2,14.9818030205102,0.451885604893685
Timor-Leste,2018,12.7,16.8164967206441,0.404249333317484
Timor-Leste,2019,11.7,17.627881197133,0.482334951008952
Timor-Leste,2020,11.4,17.4104661970888,0.343155165981408
Timor-Leste,2021,12.1,,
Timor-Leste,2022,11.4,,
Timor-Leste,2023,,,
Togo,2014,81.4,43.0636342660236,0.217949578116298
Togo,2015,81.0,67.316079169015,0.24428530157446
Togo,2016,80.7,60.2898429310496,0.300938972406183
Togo,2017,78.4,58.2450494555721,0.257067706466296
Togo,2018,76.7,55.1042380453434,0.272149541444365
Togo,2019,78.6,47.6290664711767,0.296284380597868
Togo,2020,76.2,51.6661369398223,0.286061843654428
Togo,2021,75.1,,
Togo,2022,,,
Togo,2023,,,
Tonga,2014,1.7,12.0913822122592,1.06353047099207
Tonga,2015,1.9,11.7395693014278,1.03560053523303
Tonga,2016,2.0,12.0170183126119,1.17210780742997
Tonga,2017,2.0,12.0803698566865,1.26073139496277
Tonga,2018,1.8,12.6468527417102,1.27627199239182
Tonga,2019,1.8,12.7574461149445,1.53881335099237
Tonga,2020,1.9,12.4784129504796,1.12204761814278
Tonga,2021,1.8,,
Tonga,2022,2.3,,
Tonga,2023,,,
Tunisia,2014,12.9,25.1638447684439,2.71031069526259
Tunisia,2015,12.5,23.6344412527314,2.73646000671928
Tunisia,2016,12.4,24.8089216632322,2.59444326113349
Tunisia,2017,11.8,22.571757071458,2.60278104885237
Tunisia,2018,11.9,25.5228520953696,2.59976480429423
Tunisia,2019,12.2,23.7714034054098,2.57649522620126
Tunisia,2020,12.9,24.1829826735327,2.4086225282388
Tunisia,2021,11.6,,
Tunisia,2022,,,
Tunisia,2023,,,
Turkiye,2014,11.5,23.4874858374985,4.4268354475514
Turkiye,2015,13.3,24.5603763797256,4.51829036460809
Turkiye,2016,13.2,23.83379270795,4.74783900221855
Turkiye,2017,11.4,22.1031402126985,5.20587915001934
Turkiye,2018,11.8,22.8252290987339,5.08691958023764
Turkiye,2019,14.1,23.6946115800374,4.82896105858795
Turkiye,2020,13.7,21.6120469179783,4.8858639260833
Turkiye,2021,12.0,,
Turkiye,2022,,,
Turkiye,2023,,,
Turkmenistan,2014,0.1,25.0725134160111,10.9813404266741
Turkmenistan,2015,0.1,23.6762817457625,11.0601514177487
Turkmenistan,2016,0.1,23.1774931174981,10.9191162876214
Turkmenistan,2017,0.1,21.6902944984074,10.7016590590785
Turkmenistan,2018,0.1,22.4512669564059,10.4397215133356
Turkmenistan,2019,0.1,20.2530348899106,10.2675361537537
Turkmenistan,2020,0.1,19.5997611438189,10.1840862992321
Turkmenistan,2021,0.1,,
Turkmenistan,2022,,,
Turkmenistan,2023,,,
Tuvalu,2014,0.7,5.51778327103482,0.779888063125057
Tuvalu,2015,3.0,5.47628221924294,0.707915785602648
Tuvalu,2016,7.3,5.88435418632793,0.691116844821231
Tuvalu,2017,7.0,6.20094627520115,0.711119320280754
Tuvalu,2018,6.4,6.14959791479092,0.809940174873447
Tuvalu,2019,6.3,6.00962588602958,0.812340270171595
Tuvalu,2020,5.0,5.91780105591262,0.596259824735748
Tuvalu,2021,5.0,,
Tuvalu,2022,5.2,,
Tuvalu,2023,,,
Uganda,2014,92.4,34.111616669843,0.113169831612196
Uganda,2015,91.7,36.4158643204587,0.125731921963759
Uganda,2016,91.4,35.1867637433366,0.127652055126342
Uganda,2017,91.3,32.2396992843572,0.128890498774082
Uganda,2018,90.5,33.1279166723642,0.14131143398732
Uganda,2019,90.5,31.4850134786862,0.138373161893107
Uganda,2020,91.6,33.8077192571642,0.127793034826946
Uganda,2021,91.0,,
Uganda,2022,90.9,,
Uganda,2023,,,
Ukraine,2014,3.5,18.4263235330655,5.25110191904936
Ukraine,2015,4.2,17.7919818389331,4.23146670654202
Ukraine,2016,5.5,16.2426825956045,4.48076580847504
Ukraine,2017,6.5,15.6585428515819,3.902160853166
Ukraine,2018,6.9,17.1041368062157,4.15986834270536
Ukraine,2019,7.4,15.5795007311465,3.93365253612705
Ukraine,2020,8.7,14.90010098879,3.75381618922792
Ukraine,2021,8.9,,
Ukraine,2022,,,
Ukraine,2023,,,
Uruguay,2014,56.7,10.4423977068601,1.91658248964667
Uruguay,2015,59.4,10.4692129562066,1.95637850746058
Uruguay,2016,60.3,10.2628739093634,1.91140810471485
Uruguay,2017,60.8,10.0613622046924,1.78358950382795
Uruguay,2018,60.8,10.1340724978496,1.91001452564632
Uruguay,2019,59.3,10.298591147894,1.98538155745128
Uruguay,2020,61.2,10.5717923259135,1.89971905049917
Uruguay,2021,57.8,,
Uruguay,2022,,,
Uruguay,2023,,,
Uzbekistan,2014,1.4,39.4888403264479,3.40963401034538
Uzbekistan,2015,1.7,37.8356286365777,3.17449495030177
Uzbekistan,2016,1.6,37.5481850195136,3.30740488383849
Uzbekistan,2017,1.7,35.2121570323591,3.38725662733184
Uzbekistan,2018,1.5,34.8354317604587,3.42032279304893
Uzbekistan,2019,1.6,34.1331992575325,3.50466269708326
Uzbekistan,2020,1.0,31.9604294559849,3.37630378548758
Uzbekistan,2021,1.0,,
Uzbekistan,2022,,,
Uzbekistan,2023,,,
Vanuatu,2014,31.5,13.9111416387808,0.588677679520759
Vanuatu,2015,35.6,13.4680414200127,0.485823222567086
Vanuatu,2016,33.1,13.8697381004542,0.534217457929934
Vanuatu,2017,35.7,13.6713327898574,0.485806524967354
Vanuatu,2018,29.7,14.6439252034392,0.597044043350443
Vanuatu,2019,31.6,14.3364980888287,0.548284516629216
Vanuatu,2020,26.0,14.0824115364695,0.389174968317372
Vanuatu,2021,24.6,,
Vanuatu,2022,25.0,,
Vanuatu,2023,,,
"Venezuela, RB",2014,12.1,19.2869938244399,5.93629544714916
"Venezuela, RB",2015,15.4,19.2951554205004,5.34321708069607
"Venezuela, RB",2016,14.6,18.8450274280702,4.89458472114406
"Venezuela, RB",2017,14.3,19.0801947101269,4.57368123535075
"Venezuela, RB",2018,14.6,16.3445343718253,4.36396145291438
"Venezuela, RB",2019,15.8,14.8507131552081,3.71059907013341
"Venezuela, RB",2020,31.2,15.2565796212874,2.54502797831961
"Venezuela, RB",2021,33.7,,
"Venezuela, RB",2022,,,
"Venezuela, RB",2023,,,
Viet Nam,2014,36.7,20.4035064934273,1.98057545667748
Viet Nam,2015,27.8,19.377014054477,2.18581455940173
Viet Nam,2016,26.8,20.3304456216218,2.38415951269911
Viet Nam,2017,28.3,18.5797797556674,2.44464478063074
Viet Nam,2018,24.3,20.1630176303186,3.01471126646524
Viet Nam,2019,20.4,20.8317868906878,3.56784836932601
Viet Nam,2020,18.9,20.8010641731194,3.67644008813984
Viet Nam,2021,24.2,,
Viet Nam,2022,,,
Viet Nam,2023,,,
"Yemen, Rep.",2014,0.8,38.0825068778276,0.988347189221146
"Yemen, Rep.",2015,2.0,44.0661314855842,0.475239900205302
"Yemen, Rep.",2016,2.6,40.7241168220245,0.34280246342813
"Yemen, Rep.",2017,3.0,42.1204805186376,0.322370466733983
"Yemen, Rep.",2018,2.9,43.9103483345439,0.36861354015115
"Yemen, Rep.",2019,3.0,41.6407934340959,0.354864476911382
"Yemen, Rep.",2020,3.5,34.8323598356099,0.308514614308256
"Yemen, Rep.",2021,3.7,,
"Yemen, Rep.",2022,,,
"Yemen, Rep.",2023,,,
Zimbabwe,2014,80.8,23.4292525344579,0.866838489398591
Zimbabwe,2015,80.8,23.1038790684558,0.846962441443576
Zimbabwe,2016,81.7,22.5706982027694,0.723061926681678
Zimbabwe,2017,82.0,17.9977538099115,0.663069149889218
Zimbabwe,2018,79.7,19.1120993372982,0.73543480467685
Zimbabwe,2019,81.0,18.5286074615735,0.663338328142275
Zimbabwe,2020,84.1,19.4941796611344,0.530483547000938
Zimbabwe,2021,82.4,,
Zimbabwe,2022,,,
Zimbabwe,2023,,,
